usuariosk,email,telefone,enderecosk
1,aacevedo@example.net,001-423-893-1343x661,76
2,aaron72@example.com,001-784-655-1054,20
3,aaron79@example.com,001-597-792-2088x3902,39
4,aaronrivera@example.com,231-769-4680x35342,39
5,abarrera@example.org,751.619.6628,14
6,abbottjohn@example.org,558.684.0213,6
7,abennett@example.com,(697)993-3273,118
8,abigail88@example.net,7283311971,19
9,abigailstevens@example.net,8188983133,36
10,abigailthomas@example.com,3003065360,62
11,abrown@example.org,520.573.4798,12
12,acarrillo@example.com,(956)989-2310x5807,67
13,adam88@example.com,(534)545-8282x8500,125
14,adamclarke@example.com,001-989-325-6168x6911,100
15,adammartin@example.com,(324)582-1834,100
16,adamsadam@example.org,(355)855-4822x43179,151
17,adamsricky@example.com,001-518-946-2798,38
18,adamstroy@example.net,(484)734-7276,118
19,adavidson@example.com,+1-465-675-9226x69244,100
20,adixon@example.com,001-675-288-5913x8672,156
21,adkinslauren@example.com,(950)708-3080,41
22,afranklin@example.com,(397)548-1489x945,76
23,ahernandez@example.com,894.364.1615x408,53
24,ajones@example.org,(933)638-2346,156
25,akoch@example.com,+1-720-609-9857,41
26,alanhill@example.com,(765)454-4137x8568,134
27,alexa54@example.net,7117584385,67
28,alexanderfaulkner@example.org,355-707-5649x6627,35
29,alexandermorton@example.net,925.674.1443x466,61
30,alexanderregina@example.com,001-672-674-7045x906,76
31,alexandra10@example.net,6338391641,36
32,alexandra28@example.net,+1-620-733-1559x726,15
33,alicia03@example.com,876.909.9463x277,100
34,alicia12@example.com,774.660.9113,75
35,alicia62@example.com,+1-654-481-7745,23
36,alisha85@example.com,703-880-9789x49416,134
37,alison08@example.org,+1-856-667-7904x042,156
38,alisondavis@example.net,368.394.0415,217
39,allendaniel@example.net,001-978-734-5721x227,62
40,alleneric@example.net,+1-349-375-9632,6
41,allenmedina@example.com,001-457-434-6151,76
42,allentheresa@example.net,001-600-744-2932x492,39
43,allison53@example.net,687-617-3007x907,36
1937,xharris@example.net,730-589-6906,42
150,bleon@example.net,750-564-3103,151
250,chanjohnny@example.net,232.209.2926,20
354,daniel10@example.com,2898267379,11
658,helliott@example.org,8406632295,19
844,johnfox@example.org,6628551317,40
1577,sarahwright@example.com,7199783532,76
44,alvarezdavid@example.com,648.958.0637x247,42
45,alvarezmelanie@example.com,873-460-9470,2
46,alyssa23@example.com,(961)872-9038,14
47,amanda13@example.net,+1-444-771-8305x337,78
48,amanda24@example.org,314-537-2764x4158,84
49,amanda24@example.org,(975)332-9751x675,4
50,amanda37@example.org,(462)934-7902,33
51,amanda63@example.net,864-793-0611,35
52,amanda65@example.net,9789396335,12
53,amandamora@example.net,+1-525-384-4020x42327,75
54,amandawagner@example.com,3446115024,32
55,amber14@example.com,416-899-6879x294,36
56,amber63@example.net,+1-237-908-7219x8359,8
57,amber99@example.com,(714)934-2379,10
58,amberfisher@example.com,672.695.5701,33
59,ambergarcia@example.com,4669387696,23
60,amcintosh@example.com,(874)776-7140x01892,61
61,amiller@example.org,910-226-0078,8
62,amy09@example.com,(960)542-5360x718,23
63,amy12@example.org,+1-797-955-7838x2207,76
64,amy20@example.net,+1-789-921-6954,40
65,amy72@example.org,759-863-8727x3312,156
66,amy88@example.com,370-675-5831,35
67,amy91@example.com,890-598-7475,10
68,amycopeland@example.net,(774)557-0023x1177,1
69,amylogan@example.com,001-745-512-5729x6415,10
70,amyowen@example.com,590-579-6735x89358,68
71,andersonjoseph@example.org,732.767.0139x020,53
72,andersonlori@example.org,326.272.4716,100
73,andersonpaige@example.org,514-809-3475,40
74,andersonshannon@example.net,+1-998-501-0052,17
75,andrea57@example.org,552-233-9714x5617,23
76,andrea89@example.org,+1-772-840-2872,53
77,andreadelgado@example.com,908-991-7743x1643,6
78,andreaibarra@example.com,+1-454-361-4248x76844,36
79,andrew25@example.com,+1-928-492-7693x12768,61
80,andrew47@example.net,415.480.1114,67
81,andrewrobinson@example.com,552.477.6552,29
82,andrewsmichael@example.com,896-417-1338,10
83,angel20@example.org,264-371-5857x98228,15
84,angela64@example.org,431.370.8013x2672,72
85,angela96@example.net,001-336-554-4867x8669,10
86,angelapatterson@example.com,899.969.1617,15
87,angelasanchez@example.net,+1-629-502-1567x10722,2
88,angelayang@example.org,+1-612-777-5654,21
89,anita25@example.com,+1-203-289-2805x093,151
90,anna01@example.net,5403415167,62
91,annalambert@example.org,+1-202-869-3048x3894,38
92,annetteescobar@example.org,215.219.1518x207,80
93,anthony16@example.org,6202441362,217
94,anthony37@example.com,+1-896-939-5602x08497,21
95,anthony73@example.net,+1-486-617-5040,14
96,anthony79@example.net,342-736-6192,2
97,anthonyjohnson@example.com,793-620-0418x6647,28
98,anthonytodd@example.org,768.742.6880,67
99,antoniosoto@example.com,228-950-0240,10
100,ashley02@example.net,912-506-9774,21
101,ashley61@example.net,(389)266-5587,10
102,ashleychapman@example.net,8276519000,62
103,ashleymartinez@example.net,+1-491-975-3669x53450,156
104,ashleyreese@example.org,001-627-382-6052x07104,78
105,austindwayne@example.org,(567)449-2895,125
106,austingrant@example.net,+1-679-354-7567,68
107,austinmiller@example.org,001-245-913-7168,61
108,awilliamson@example.com,638-540-2204,4
109,ayalatammy@example.net,+1-794-306-3385,84
110,baileydavid@example.net,001-434-679-7619,156
111,baileytammy@example.com,256.574.9496x7026,38
112,bakerjoel@example.com,211-799-4092,125
113,bakerscott@example.org,963-284-2057x5495,124
114,bakeryesenia@example.net,(259)237-1816x588,2
115,baldwindiane@example.org,7116952237,1
116,barbara45@example.com,967.813.3767x02406,32
117,barbaraknight@example.net,511-643-9971x669,75
118,barkeramanda@example.net,623-600-5817x1909,67
119,barrettgabriel@example.net,(751)281-9697,19
120,barrettnicholas@example.com,725-508-6697x2199,62
121,bartondebra@example.com,(236)817-3229,12
122,bartontracy@example.org,921.770.3784x2492,76
123,bauerjustin@example.org,718.711.5811,156
124,bbeck@example.net,001-911-576-7334x06550,40
125,bblair@example.com,813-845-0982x78394,125
126,bdorsey@example.com,802.831.2134x494,124
127,bdouglas@example.com,(523)385-9914,67
128,beasleysamantha@example.net,+1-353-991-9252x189,29
129,belldarren@example.net,625-844-9681x531,25
130,bellerin@example.com,(337)751-1691x1243,25
131,belljennifer@example.com,+1-964-354-7745x56972,39
132,benjamin92@example.net,973-398-8901x41976,35
133,benjaminalvarez@example.net,001-672-405-0524x7778,217
134,benjaminreed@example.org,902-629-7436,15
135,berrymicheal@example.com,755.370.8448x676,3
136,betty36@example.net,229-776-6929,28
137,beverlydavis@example.com,(626)564-3292x433,35
138,bholt@example.net,401-452-7605,19
139,bhoward@example.org,720.230.2484x972,62
140,bianca02@example.org,+1-317-934-2157,217
141,bjimenez@example.net,433.863.8023,28
142,bjohnson@example.net,(739)522-1980,6
143,bjones@example.com,2495685288,15
144,bkaufman@example.org,309.884.5148x93905,1
145,blackwelldeborah@example.net,001-490-383-6810x14802,25
146,blackwelllisa@example.org,616.361.0869x66458,7
147,blake24@example.net,827-326-2815x721,68
148,blake29@example.com,(457)986-0431,11
149,blakekrause@example.net,001-907-544-7895x205,17
151,bmendoza@example.net,465-286-2561x9463,67
152,bmontgomery@example.com,322.396.6998x01714,42
153,bonddale@example.org,7674722737,20
154,bradley63@example.org,9069851322,67
155,bradleydixon@example.net,+1-922-564-1135x1573,35
156,bradleythompson@example.org,001-329-263-7270,14
157,brandicantrell@example.com,4208564932,32
158,brandon34@example.org,416.201.8523x2242,29
159,brandon40@example.net,+1-271-684-9520,84
160,brandon40@example.org,001-291-277-9047x080,14
161,brandonhicks@example.net,262-352-2773x9327,40
162,brandonjohnson@example.com,001-396-979-0685x341,124
163,brandy71@example.com,(799)988-8459,62
164,brandywilliams@example.org,+1-314-914-8138x1539,36
165,brenda09@example.net,752-688-8667x733,36
166,brendajuarez@example.com,(289)364-2307,3
167,brendan27@example.com,+1-615-436-0540x050,4
168,brent70@example.org,795.833.4815x148,11
169,brentfuller@example.net,+1-994-599-6660x302,151
170,brett00@example.org,729.832.9773,28
171,brian21@example.net,+1-429-256-7962x4783,33
172,brian46@example.net,638.288.8106x2419,72
173,brian69@example.com,001-423-518-5208x99510,3
174,brian83@example.net,(885)556-5321x24031,22
175,brianobrien@example.net,(505)449-3000,11
176,brianpark@example.com,001-645-684-2622x68573,68
177,brianpearson@example.org,658.402.4747x705,28
178,brittanyfrazier@example.org,+1-300-434-4858x117,75
179,brittanyrodriguez@example.com,(683)415-1850,62
180,brittney37@example.org,471.977.2783x224,40
181,broberts@example.org,001-367-719-6640x10025,28
182,brooke18@example.net,269-886-6178x1404,32
183,brookecarr@example.org,+1-588-979-4194x19430,78
184,brooksjustin@example.net,(351)611-5202x4252,7
185,brooksmarc@example.com,+1-853-656-9211x54680,14
186,brookstraci@example.com,2424402243,61
187,brownalexandria@example.org,(439)278-1005,20
188,brownbobby@example.net,+1-236-450-1183x77608,33
189,browncharles@example.org,+1-846-357-1543x71480,67
190,brownedward@example.net,(592)801-4655,19
191,brownkimberly@example.org,(847)265-6584,4
192,brownthomas@example.com,(871)930-2884x371,28
193,brownvanessa@example.com,+1-347-354-0092x600,118
194,brownvicki@example.net,001-682-366-8912x028,100
195,bruceburke@example.net,+1-568-556-5769x95436,7
196,bryantbrian@example.net,(561)435-7262,41
197,bryantthomas@example.org,7613571801,53
198,bryce57@example.net,(609)481-7248,42
199,bsmith@example.com,7368007572,7
200,bsmith@example.org,466.225.4003x326,39
201,bstewart@example.net,8884028511,22
202,buchananteresa@example.net,5543514850,42
203,buckleymichael@example.org,001-729-825-3343x789,1
204,burgessvictor@example.com,596-973-5959x1111,42
205,burnsabigail@example.com,918.246.3164x2765,20
206,burnsbrent@example.com,001-909-998-5846x3501,8
207,burnserika@example.com,6656434469,1
208,burnssteven@example.com,390-330-5670,25
209,burtonmargaret@example.net,+1-245-306-4678x01870,25
210,butlerdenise@example.com,820.336.7657x4127,7
211,bware@example.com,+1-201-204-6459x42709,125
212,bwilson@example.org,+1-512-808-3578,7
213,byrddebra@example.org,001-510-594-2254x72927,42
214,caitlyn14@example.org,598-381-2829x81932,80
215,cameron44@example.net,+1-998-767-9363x9785,67
216,cameronjon@example.net,(497)651-8447x238,75
217,campbellvincent@example.net,(410)262-6436,33
218,camposnicholas@example.net,+1-461-699-5297x6444,32
219,candice08@example.net,213-370-7169x76237,151
220,carl77@example.com,368-791-8757,2
221,carla93@example.com,+1-483-282-5030x513,62
222,carlos46@example.org,001-598-351-5059x44126,21
223,carlydavis@example.org,852-982-7214x957,17
224,carmen71@example.net,001-457-779-4274x890,68
225,carolwatson@example.com,7758285277,10
226,carolynryan@example.net,+1-358-433-6948x9350,11
227,carpenterjessica@example.com,+1-280-682-4239x6114,40
228,carrie76@example.org,001-294-840-2107x984,134
229,carriehall@example.net,+1-702-650-7955x80326,62
230,carrietaylor@example.org,001-906-408-0614x387,4
231,caseyernest@example.org,+1-910-681-7139,7
232,cassandracurry@example.net,672.387.0199,62
233,cassandrafletcher@example.net,870-475-4525x553,67
234,cassandrajohnson@example.net,4168745963,1
235,cassandramendez@example.com,(550)645-5697,38
236,cassidystevens@example.net,001-809-374-0848x1093,18
237,castillogary@example.net,(861)905-7720x83766,29
238,catherine31@example.net,692.906.4124,7
239,catherine41@example.org,560.237.9450x70330,11
240,catherinecollins@example.net,001-478-235-2863x48958,39
241,catherineramos@example.com,308-819-3963,118
242,cbutler@example.com,591-617-4395,76
243,ccervantes@example.com,970-303-5531,36
244,cchoi@example.com,+1-817-573-6171x081,41
245,cervantesnancy@example.net,+1-856-453-5110x7613,72
246,cford@example.net,777.797.8078x349,23
247,chadwaller@example.org,372.690.4879x906,29
248,chadwatson@example.net,349.829.3322x1961,72
249,chandlerthomas@example.com,001-770-295-8687x8623,12
251,channicholas@example.net,+1-632-611-7869x75111,2
252,charles44@example.org,001-367-963-2514,68
253,charles53@example.org,350.662.9310x20304,42
254,charlesbarr@example.net,+1-923-425-5442x7877,61
255,chasejeffrey@example.com,001-834-321-0916x536,2
256,chavezkelly@example.org,001-467-456-4542x7317,41
257,chavezvalerie@example.net,001-869-723-3544x51177,18
258,chelsea64@example.net,517-466-2309x76754,61
259,chenry@example.com,001-508-939-6421x98977,78
260,cheyennejohnson@example.com,+1-781-240-5779,118
261,christian17@example.com,595-577-6631,32
262,christian18@example.org,+1-990-410-0041x485,22
263,christianscott@example.org,287.551.6278x893,17
264,christianwilliams@example.com,001-507-260-8390x2198,2
265,christina08@example.com,370.980.9740,10
266,christina71@example.com,527.749.0367x6968,14
267,christinabrown@example.org,+1-313-456-6131x764,78
268,christinacastillo@example.org,903.677.2371x015,134
269,christinaobrien@example.net,6069615025,20
270,christinaroth@example.com,571.294.4710,8
271,christine05@example.org,6972457841,100
272,christine51@example.net,001-998-526-6973x972,35
273,christine89@example.org,201.498.8083,3
274,christineshelton@example.com,537-711-9784,17
275,christopher00@example.net,+1-705-582-4541x8064,12
276,christopher01@example.org,256.301.6555x367,8
277,christopher57@example.net,833-259-1449x22980,62
278,christopher66@example.org,(969)737-2076x512,84
279,christopher80@example.com,+1-971-435-6941x36501,21
280,christopherlewis@example.org,826-319-0552,151
281,christopherrasmussen@example.org,+1-375-322-9663x756,78
282,christopherrobinson@example.org,9144411326,1
283,christopherwhitehead@example.net,289-501-0497x66829,23
284,christopherwillis@example.net,6629114778,100
285,christopherwilson@example.org,(768)882-9520x25343,217
286,cindydavid@example.net,232-913-2398x09809,35
287,cindymorgan@example.net,221.282.1749,19
288,cindyroberts@example.com,+1-267-837-5448,67
289,cjohnson@example.com,269.276.2317,21
290,ckeller@example.org,(218)655-8185x4121,124
291,cking@example.net,001-707-893-8544x0593,23
292,cmiller@example.com,696-708-6888x48991,217
293,cmiller@example.net,(473)299-1011x805,1
294,cnelson@example.com,001-430-791-2128x290,2
295,cody82@example.com,001-438-612-7222x351,2
296,codyharrison@example.org,+1-730-295-8395,72
297,codymorales@example.org,3674425883,14
298,codynicholson@example.com,620.868.8717x2464,78
299,cole29@example.com,879.637.3326,35
300,colejason@example.org,335-532-5845,125
301,colliercory@example.org,975.785.3636x814,18
302,collierricardo@example.com,001-776-262-1268x2281,124
303,collinharrison@example.net,(749)444-3336,11
304,collinskimberly@example.net,001-555-629-5643x95692,36
305,combsmarilyn@example.org,809-897-7175x2694,1
306,conniewells@example.com,424.982.9670,7
307,cooperjennifer@example.net,(441)495-7452,14
308,cooperjoanne@example.net,(933)785-2733,4
309,coopertiffany@example.com,+1-952-237-2470x95845,75
310,cortezallison@example.com,(795)541-8204x8745,11
311,courtney12@example.org,495-890-7218x588,76
312,courtney62@example.net,001-832-381-3279x76194,2
313,courtney73@example.com,216-595-6694x66165,76
314,courtney87@example.com,+1-263-921-5655x5627,25
315,coxneil@example.com,+1-277-402-8661x1738,42
316,cpeterson@example.org,(253)946-3131,75
317,craig54@example.org,+1-449-885-5415,19
318,craigdanny@example.com,(480)815-4609x208,35
319,craigsmith@example.net,979.808.0752,10
320,crawfordamanda@example.net,+1-930-827-6978x48581,10
321,crodriguez@example.com,(324)582-4367x335,20
322,crossshannon@example.org,(235)756-2268x3831,18
323,cruzangela@example.org,617-621-0276,75
324,crystal75@example.org,001-940-200-4213,100
325,crystalbarber@example.org,853-508-5867x35438,8
326,crystalthomas@example.net,279.700.8452x61076,75
327,cstanley@example.net,(309)876-8247x905,118
328,cstevenson@example.net,+1-902-937-4860,25
329,cstewart@example.com,001-579-392-9743,75
330,cuevassharon@example.net,001-725-551-6199x1099,7
331,currychristine@example.com,600.356.8544,78
332,currycristian@example.com,670-244-8356,156
333,currysusan@example.net,001-872-964-1311x80490,53
334,curtisjessica@example.net,001-330-262-7280x5131,29
335,cwarner@example.net,001-583-499-5703x34784,14
336,cweber@example.com,694.576.4951x85261,20
337,cwilson@example.org,533-863-3836x22872,35
338,cynthia78@example.org,3349408165,151
339,cynthia81@example.org,+1-988-569-1810x2371,19
340,cynthia89@example.org,(787)917-0430x9867,67
341,cynthia98@example.net,916.321.6791x429,11
342,cynthiahodge@example.com,+1-827-437-3440,2
343,cynthiahodges@example.org,001-939-270-2297x61451,118
344,cynthiawilliams@example.org,(638)246-7551,53
345,cyoung@example.net,(606)983-4399x697,8
346,dakota27@example.org,401-758-4155x37260,134
347,dale37@example.net,001-769-496-1118x0202,20
348,dale57@example.com,+1-511-694-1923x5505,67
349,daltonemily@example.org,(493)972-4855x6365,40
350,daltonjames@example.org,7687179944,72
351,dana65@example.com,(400)993-7222x1810,14
352,danawatson@example.org,4844410765,33
353,danderson@example.com,+1-274-658-6241x40250,61
355,daniel18@example.org,573.807.6967x361,36
356,daniel29@example.org,(478)757-9719,84
357,daniel36@example.org,+1-625-951-8097,72
358,daniel58@example.net,(246)969-4311x473,15
359,daniel64@example.org,+1-210-340-0622x96652,4
360,daniel64@example.org,2509359710,11
361,daniel77@example.org,001-423-499-3419,35
362,daniel95@example.net,(548)734-8833x14947,61
363,danieljackson@example.net,(828)803-0432,76
364,danieljohns@example.net,446-382-8753x53786,36
365,danielle10@example.org,8619337855,38
366,danielle37@example.org,406-816-2688x2475,217
367,danielwashington@example.net,+1-394-488-4402x6175,67
368,danny75@example.com,001-832-249-6679x8154,40
369,dannyhall@example.net,001-609-497-6410,28
370,dannyoliver@example.org,001-904-927-7413x36759,134
371,darren46@example.net,755-378-7346x522,39
372,darrenmarks@example.org,629.395.6562x10082,38
373,datkins@example.com,001-810-995-6782x721,61
374,daughertymichael@example.com,(388)243-5836x55140,41
375,david02@example.net,001-727-767-7202x28394,40
376,david08@example.org,(986)206-2033x58814,11
377,david38@example.net,+1-518-351-1775x852,11
378,david41@example.com,263.228.7136,28
379,david51@example.org,629-482-7739x792,1
380,david68@example.com,317-309-3261,12
381,david71@example.com,(926)751-0711,15
382,david85@example.com,(337)995-6657x543,156
383,david88@example.org,(599)223-2650,40
384,david90@example.org,522-623-2839x696,6
385,davidalvarez@example.org,891-474-0143x58234,75
386,davidolson@example.com,001-649-889-3013x263,62
387,davidsherman@example.com,676.330.0566x3250,62
388,davidsonjoel@example.com,(949)308-3110x395,32
389,davisbarbara@example.net,(451)403-3882x547,17
390,daviscassandra@example.com,001-764-825-1734x191,33
391,davisdeborah@example.net,618-268-8238,32
392,davisjoseph@example.net,+1-340-743-9155x449,217
393,davismichael@example.net,(493)952-3327,12
394,davismorgan@example.net,(646)354-2920x174,10
395,davisshannon@example.com,5208615793,29
396,dawnlindsey@example.org,001-505-541-1188x071,32
397,dayarthur@example.com,(309)400-5796,156
398,daykristina@example.com,001-888-214-9348x8505,7
399,dbarrera@example.com,001-989-261-1559x03112,217
400,dcollins@example.com,+1-351-799-4450x05225,125
401,deanerika@example.org,001-307-926-6164x019,7
402,deaton@example.com,+1-532-769-5766x874,8
403,debbie65@example.net,233-279-2039x030,1
404,debbielee@example.org,880-824-4945x853,118
405,deborahdixon@example.org,432.540.0465,76
406,deboraherickson@example.net,001-290-847-6347x4008,217
407,debrajennings@example.com,338-351-7661x7698,10
408,delgadokelly@example.com,727-999-8258x08207,68
409,delliott@example.net,(589)535-0667x915,29
410,denise24@example.com,+1-570-552-6552x12265,25
411,denise94@example.com,+1-512-256-8323,38
412,denisejackson@example.org,(852)238-1333x494,35
413,denisemartin@example.net,362.463.9348x668,8
414,deniserogers@example.net,(365)838-8973x4069,84
415,denisesanders@example.org,437-570-1778,84
416,denisewebster@example.net,8325585367,25
417,dennis40@example.com,001-781-623-4850,72
418,dennisjimenez@example.com,437.479.5862,67
419,denniswright@example.org,001-569-970-9341,33
420,derrick76@example.com,702.678.7270x14194,14
421,derrickdyer@example.net,851-347-9591x21251,38
422,derrickholmes@example.com,3183918789,39
423,desiree21@example.org,001-654-208-6898x1794,61
424,desiree24@example.org,627.482.5499x69492,61
425,destinyashley@example.com,001-580-445-8979x4573,124
426,devinhorton@example.net,219-497-0989x778,7
427,dgardner@example.com,926-991-7942,42
428,dhodges@example.com,827.256.1680x5795,22
429,dhoward@example.net,001-381-529-1067x21421,53
430,diana16@example.net,+1-705-775-4113x18448,118
431,diazfaith@example.com,+1-516-547-6191,22
432,dicksonduane@example.org,(540)875-7119x18606,1
433,dicksonshannon@example.org,911.476.9361x5815,8
434,dixonjohnny@example.org,(979)966-8303x05854,20
435,dixonvictoria@example.com,330.476.1133,124
436,djohnson@example.com,+1-487-953-8076x82978,11
437,djohnson@example.net,639.822.9643x605,39
438,djones@example.net,001-442-337-8796x87208,32
439,donald02@example.net,(766)406-8636,10
440,donaldchang@example.com,385.786.9249,41
441,donaldgutierrez@example.com,306.775.3688x154,12
442,donaldsims@example.org,001-577-826-6849x56911,4
443,donparker@example.org,519.365.9943,42
444,dosborne@example.net,+1-723-909-8159x169,100
445,douglas48@example.org,379.885.5601,22
446,douglasdeborah@example.org,563-870-4980x4855,15
447,douglasjohnson@example.org,5137926914,40
448,douglaslloyd@example.net,(569)561-9122x6136,25
449,downsmark@example.net,001-428-316-8067x830,25
450,dpalmer@example.com,765-625-9710x990,15
451,dpotter@example.com,503.454.2704x965,29
452,drew66@example.com,802-262-0158x91190,151
453,drobinson@example.net,001-253-298-1883x5321,39
454,dtaylor@example.net,718.404.0841x40944,118
455,dtran@example.org,778.492.6194x921,23
456,dustinavila@example.org,255.538.0535,8
457,dustinrogers@example.net,586.734.6317,33
458,dwhite@example.com,+1-750-390-5084x42922,41
459,eandrews@example.net,001-330-468-3177x50736,19
460,eclark@example.org,963-462-3327,217
461,ecrawford@example.net,001-274-871-0165,28
462,edwardsnicholas@example.org,(231)433-0981,3
463,edwin28@example.com,001-594-870-3339,36
464,edwinjones@example.com,+1-390-438-9653,67
465,eescobar@example.org,(301)750-3343x44328,61
466,ehart@example.net,621.311.5046,18
467,ehiggins@example.net,201.822.9633x68976,20
468,ehill@example.org,7505902033,217
469,eileen47@example.org,753-525-7377x6982,68
470,elizabeth00@example.org,506.482.0862x2845,62
471,elizabeth15@example.com,(885)865-7316x745,118
472,elizabeth16@example.net,210-367-5551x581,68
473,elizabeth19@example.org,443.946.8883x70509,62
474,elizabethdillon@example.com,001-394-883-6147x573,22
475,elizabethpeterson@example.net,001-716-977-8149,217
476,elizabethramos@example.com,678.761.5610,6
477,elizabeththompson@example.org,662-378-4349x3594,25
478,elliottjesse@example.com,001-251-392-9953,11
479,emily19@example.com,001-648-424-9839x4319,4
480,emily45@example.com,684-663-7402,7
481,emily62@example.com,+1-613-449-1784,29
482,emilygonzalez@example.net,6847746315,15
483,emilyperkins@example.net,825-284-0310,38
484,emma81@example.org,(249)497-8689x05615,67
485,emontoya@example.org,001-316-985-9178,7
486,enewton@example.org,+1-321-656-5054x16646,10
487,enorman@example.com,878.442.3716,41
488,epotter@example.net,+1-544-381-8524,4
489,eray@example.com,259.410.8386x813,3
490,eric06@example.org,001-815-720-6457x3334,124
491,eric40@example.net,811.410.3178,1
492,eric44@example.com,361-910-8202x794,84
493,eric57@example.org,001-382-201-6756x05532,8
494,eric85@example.com,704.364.0406x86695,32
495,eric92@example.com,863.306.3081,36
496,erica34@example.org,924.601.3001x0150,36
497,erica70@example.com,824-828-2193,76
498,ericjones@example.com,+1-382-823-9477x2932,12
499,ericknapp@example.com,(998)777-3663x75006,68
500,ericwashington@example.org,9085203505,22
501,erin61@example.org,+1-512-775-4838x949,3
502,erin70@example.org,248.230.4452x4280,124
503,erinhubbard@example.org,4828397560,7
504,erinsoto@example.com,(595)880-6813,84
505,ernestmartin@example.com,979-517-7783,61
506,esawyer@example.com,255-231-0044x29256,19
507,esexton@example.net,618-917-4189x48477,84
508,estradatammy@example.org,(471)384-8134x4593,42
509,esutton@example.com,904-608-0968x0209,217
510,ethompson@example.org,(697)997-2699x99664,118
511,evan13@example.org,(556)718-6161,62
512,ewalton@example.net,986.347.7899,35
513,ewarren@example.org,9585940215,17
514,ewilkins@example.com,966-240-5331,124
515,ewingchristian@example.com,+1-823-719-5690x801,151
516,ewingheather@example.com,+1-402-445-7391,19
517,faguilar@example.com,688.257.5038,2
518,faithwest@example.net,371.951.0830,18
519,fanderson@example.com,830-318-7912x185,7
520,fbarker@example.com,550-916-9349,100
521,fberger@example.org,001-722-825-0863,4
522,fbrown@example.org,001-637-419-7981x09461,28
523,fcallahan@example.org,+1-419-313-2309,12
524,fchavez@example.net,4987959274,17
525,fdunn@example.com,(277)513-3517x4619,33
526,felicia07@example.org,+1-754-367-5625,22
527,ffarley@example.org,(336)332-7629x6739,217
528,fflores@example.net,593.946.2277,6
529,fhicks@example.com,240.587.4604x05582,84
530,fieldsjohn@example.com,6577668129,2
531,fieldstaylor@example.org,9213946787,21
532,fischerchristina@example.com,401.855.2169x014,14
533,fitzpatrickbelinda@example.com,001-523-426-5957x8691,19
534,fjohnson@example.org,557-548-3186x2645,36
535,fjones@example.com,997-696-8376x55962,10
536,fmartin@example.net,001-747-501-6402x48310,72
537,forddavid@example.org,937-280-4808x9608,1
538,fosterlisa@example.org,(404)296-7645x1660,12
539,foxbrian@example.com,(566)613-7193,20
540,fparks@example.org,(226)911-6333x6897,41
541,fpatterson@example.com,(504)571-9629x911,53
542,fperez@example.net,5518648998,12
543,fperry@example.com,(268)398-8801x66683,68
544,francis78@example.net,928-833-7131x1440,40
545,frank60@example.org,(943)425-7420x42840,33
546,frank78@example.org,858-650-3899x7585,11
547,frankmichael@example.org,001-325-242-0413x691,14
548,frazierwhitney@example.com,(834)966-4927x051,4
549,frederickbrittany@example.com,001-308-912-9138,28
550,freemancourtney@example.com,(996)876-7044,15
551,frose@example.com,996.249.4212,38
552,fsimon@example.org,001-926-685-7604x96790,19
553,fskinner@example.com,800-464-9846x4601,19
554,fstein@example.com,(537)678-4682x299,39
555,fvelez@example.net,001-385-526-9316,7
556,fwashington@example.com,481-416-4973x4872,41
557,fwebb@example.net,507.755.0943,20
558,fwoods@example.org,+1-397-641-9806x4275,41
559,gadkins@example.net,373-398-2874,156
560,gallagherdarlene@example.org,7173464033,53
561,gallowayrobert@example.org,853-901-9590x921,217
562,garciadiana@example.com,(223)869-3468x89691,38
563,garciajill@example.org,576.879.0915,2
564,garciateresa@example.net,+1-239-886-8502x546,7
565,gardnercassandra@example.com,5718343541,78
566,garrettrichard@example.net,3296743300,124
567,garzacharles@example.org,8472792103,28
568,gatesshannon@example.com,(318)593-4214,32
569,gbarker@example.net,704.517.1054,125
570,gburgess@example.org,910.918.9384x91846,41
571,gdavis@example.com,+1-339-263-5078x8800,14
572,gdominguez@example.com,+1-857-488-8831x1453,118
573,gduran@example.com,001-674-373-7747,39
574,george34@example.com,300.380.2624,40
575,george86@example.net,765-996-7006x31327,21
576,gibbscindy@example.com,(979)269-8447,78
577,gillespienicole@example.net,(343)440-3958x73719,12
578,gina07@example.org,485.684.9471x160,23
579,gina23@example.com,001-972-930-7110,29
580,gina76@example.net,+1-436-806-7475x4395,15
581,ginapowell@example.org,(619)375-0250,84
582,ginarodriguez@example.net,222.229.7613,40
583,gjimenez@example.net,001-755-299-4114x2669,156
584,gjohnson@example.org,314-576-7241x22943,100
585,glawrence@example.net,832-438-5768x78343,15
586,glennchristine@example.org,001-378-655-0832,151
587,gloverbrooke@example.com,+1-518-332-2977,39
588,gomezangelica@example.com,001-322-309-0056,14
589,gomezgary@example.org,229-907-0336x65630,40
590,gonzalesjustin@example.net,519.778.5817,32
591,gonzalezchelsea@example.net,(307)831-2924,22
592,gonzalezcrystal@example.org,715.521.4954x98437,6
593,gonzalezrose@example.org,(613)559-4826x557,36
594,gonzalezsharon@example.com,+1-833-565-5346x7614,15
595,goodwinchristopher@example.org,001-978-722-2806x56745,4
596,goodwinronald@example.net,(685)237-8194x1946,17
597,gordonmatthew@example.com,842-502-1997x223,17
598,grant70@example.org,625-611-7793,53
599,graykatherine@example.com,(421)770-4567,38
600,greendeborah@example.com,394.253.3190x5727,75
601,greershawn@example.net,+1-433-944-7462x696,17
602,gregory07@example.org,(544)847-4832,151
603,gregory23@example.com,315.824.3981x78484,28
604,gregory27@example.com,(875)638-6745x90841,35
605,gregory57@example.com,5475575720,67
606,gregory79@example.com,467-515-3961x225,17
607,gregory94@example.org,(752)465-1529,10
608,gregorymitchell@example.com,711-411-5387,124
609,gregoryphilip@example.com,001-749-224-9720x877,80
610,gregorypowell@example.com,+1-625-388-4100,8
611,griffithjulie@example.com,701-497-4163,15
612,gschwartz@example.net,(875)251-9052,40
613,gstevens@example.net,369.851.9159x293,156
614,gtownsend@example.com,460.746.5730x51384,25
615,gturner@example.net,(375)788-3970x781,125
616,gturner@example.org,4758686670,3
617,guerrajose@example.net,665.658.3367,61
618,guerrerotamara@example.org,001-261-764-9576,14
619,gutierrezdarryl@example.org,333.634.2118,53
620,gutierrezkristin@example.org,531.902.1763,125
621,guzmanjoseph@example.com,321.684.8721,75
622,gwilson@example.org,001-262-405-5257x59296,21
623,hahnwayne@example.com,(303)792-8920x1280,32
624,haileywilson@example.net,+1-542-992-9197x376,29
625,hallamanda@example.org,001-327-589-0680x37935,68
626,hallcarlos@example.org,3224686518,36
627,halledward@example.net,001-554-760-0992x296,67
628,hallnicole@example.com,001-498-655-3689x877,62
629,hallronald@example.com,+1-566-488-1201x66474,33
630,hamiltonashley@example.net,527-737-9444x738,28
631,hamiltonbrian@example.net,308.644.0738x96871,19
632,hamiltoncassandra@example.com,(749)642-0317x70490,18
633,hamiltonmichelle@example.com,001-871-702-1787x19500,32
634,hannah59@example.net,304-235-4796x620,62
635,hannah99@example.com,001-211-642-5045x64195,17
636,hansonjonathon@example.org,(854)961-7582,62
637,harold95@example.com,(894)255-0315x12080,53
638,harperrebecca@example.com,(317)674-7075,23
639,harpersandra@example.org,6945198946,40
640,harrellmichael@example.com,570-511-3430x733,75
641,harrisdavid@example.org,275.365.4340x19737,6
642,harrisstephanie@example.org,718.595.3522x44376,62
643,harry14@example.org,(858)207-8447,84
644,harry59@example.com,+1-346-897-2478x9453,72
645,hawkinsjames@example.org,(986)853-1768,39
646,hbell@example.net,001-268-586-2998,21
647,hbentley@example.com,4577802013,23
648,hberry@example.com,001-644-584-2815,217
649,hbrown@example.com,428.483.9782x45664,53
650,hcross@example.com,(567)649-0550x3229,29
651,hdaugherty@example.org,+1-954-854-5241x7770,14
652,heather13@example.net,001-463-206-0892x36872,8
653,heathermendoza@example.com,001-241-347-6869,76
654,heathermills@example.com,(750)648-3288x416,33
655,heatherwilson@example.net,5959880679,61
656,heatherwolfe@example.net,001-705-342-8232x32954,39
657,hebertjoshua@example.net,001-929-573-3810,80
659,hendricksjason@example.org,564.679.4621,21
660,henry51@example.net,222-586-9931x391,17
661,henryjacob@example.com,001-737-304-5474,17
662,henryjones@example.net,824.640.5605x883,61
663,hernandezhenry@example.org,258.372.7621x610,7
664,hernandezmichael@example.org,3127317748,53
665,hernandeznathan@example.net,(483)273-4988x6796,134
666,herrerabrenda@example.com,001-509-688-2569x67264,15
667,hgallagher@example.org,8314222596,53
668,hgonzalez@example.net,298-657-8862,29
669,hgreen@example.com,(221)592-5164x962,4
670,hgreen@example.net,294-911-2661x766,7
671,hhale@example.org,+1-420-707-5513x2234,35
672,hhansen@example.com,606.769.0812x573,75
673,hhughes@example.com,(505)551-0631,62
674,hhunter@example.org,+1-852-532-4103x156,6
675,hicksscott@example.com,001-383-414-4258x2981,4
676,hilljill@example.org,762.568.0680x98015,20
677,hillpeter@example.com,001-997-544-0293x9925,2
678,hillstephanie@example.net,+1-657-672-7573x571,12
679,hinesnicholas@example.org,001-515-779-1170x642,18
680,hmcconnell@example.com,(646)568-6326,4
681,hnelson@example.com,745.495.1471,1
682,hodgescatherine@example.org,718-914-3201x700,25
683,holderkristi@example.com,843.894.5084,40
684,holly37@example.com,+1-766-535-5420x7060,23
685,holly41@example.org,609.275.2850,118
686,hollywilliams@example.net,361.845.0719x515,53
687,hollywilliams@example.org,296.672.3262,10
688,holmesjonathan@example.net,001-631-329-0935x8082,61
689,holmestheresa@example.org,3838252967,118
690,holtjose@example.org,825.459.4793,20
691,hoodjoshua@example.net,(616)206-1056x9586,32
692,hopkinsgina@example.com,425-694-2777x9513,20
693,houstonjonathan@example.com,(941)826-9065,23
694,howardashley@example.com,201-676-8420x0484,18
695,howarderin@example.org,(531)671-9035x82964,40
696,howelljennifer@example.com,+1-515-428-9325x953,6
697,hturner@example.net,455.599.6673x702,11
698,hullashley@example.net,303-376-6843,15
699,huntbenjamin@example.com,374-364-9194x622,25
700,hunter34@example.com,9202528659,25
701,hunteranderson@example.net,988.265.9605x05795,53
702,hwheeler@example.com,212-458-8751x71624,33
703,ialexander@example.org,001-858-458-0872x7411,28
704,icochran@example.net,998-610-7576x3194,124
705,idixon@example.net,001-515-629-8648x614,23
706,ifritz@example.org,001-897-626-0043x902,1
707,igoodwin@example.org,565.318.6867,7
708,igraham@example.org,6027547385,25
709,igrimes@example.net,(822)282-7942,40
710,iharris@example.org,+1-676-370-7041,151
711,ihawkins@example.net,717.249.5197,19
712,ihayes@example.org,+1-249-770-2311x6880,124
713,ihoward@example.net,(406)552-3998x04174,125
714,ijordan@example.net,998-665-3634,76
715,imclaughlin@example.com,5905057859,11
716,imurphy@example.com,(933)554-9065,75
717,ingramcatherine@example.net,+1-861-236-7921x08923,35
718,ipowell@example.com,001-367-851-7337x2411,22
719,irwinscott@example.org,303-618-4858x22482,84
720,isaac14@example.net,408.431.1126x31095,19
721,isabellaandrews@example.org,672.523.4781,62
722,isabelsanders@example.com,(406)760-8959,29
723,ishepard@example.net,719-774-8548x43702,3
724,itate@example.net,911-626-2290x9307,3
725,iterry@example.com,253-445-3477x804,23
726,jacob12@example.net,(807)512-2095x3002,68
727,jacob20@example.org,(311)899-6111,20
728,jacobmitchell@example.net,623.610.1903x51731,76
729,jacqueline36@example.com,8528129792,35
730,jacquelinecochran@example.net,001-968-809-7592,23
731,james19@example.net,998-789-9723,18
732,james39@example.com,001-243-599-1104x776,217
733,james65@example.org,521.719.9349x320,61
734,james66@example.org,306-548-1355x2751,38
735,james90@example.com,444.704.8448x20489,28
736,james93@example.com,+1-921-707-3168x183,62
737,jamesbishop@example.com,001-301-364-5777x5182,75
738,jameshuber@example.com,(816)270-1075,14
739,jamesjackson@example.net,(864)350-3812,76
740,jameslarson@example.org,+1-204-561-7087x41099,29
741,jamesmoore@example.org,762.332.4637x1930,62
742,jamesrussell@example.org,(813)744-7998x014,84
743,jamessarah@example.net,440-402-4153x9627,17
744,jamesscott@example.com,(557)662-2639,4
745,jamesthompson@example.org,(371)367-9058x9213,36
746,jameswilliams@example.net,512-955-2060x700,14
747,janderson@example.net,501.808.2694,118
748,jane55@example.org,(654)752-7913x9927,4
749,janetwells@example.org,707.465.1170x36648,156
750,janicegrant@example.com,284-437-6050x321,78
751,janicemiller@example.com,227-348-8756,10
752,jasmineclark@example.org,+1-282-682-5594x539,29
753,jasminejenkins@example.net,492.447.4617x924,18
754,jason18@example.org,+1-889-497-2599x59465,17
755,jason56@example.com,001-290-467-1036x388,84
756,jason56@example.com,+1-580-682-1689,21
757,jason58@example.org,674-406-3176x2000,78
758,jason79@example.com,768.923.9070,7
759,jasonburns@example.org,666-657-0832x386,19
760,jasonkaufman@example.org,+1-396-789-9196x6060,78
761,jasonmcgrath@example.org,9156456940,25
762,javierjones@example.org,(866)717-1554x324,10
763,jeffery19@example.org,+1-773-895-2799x42097,20
764,jefferygallegos@example.com,656.669.2865x359,10
765,jeffrey46@example.com,567.448.7952,62
766,jeffrey57@example.net,6364487687,217
767,jeffrey88@example.net,(467)331-1405x72193,18
768,jeffrey89@example.com,(227)813-7618,1
769,jeffrey97@example.net,001-907-331-7053x3156,20
770,jeffreymunoz@example.com,(629)929-5571,80
771,jeffreyrobertson@example.com,001-632-769-3983x483,3
772,jeffreysanchez@example.com,(828)834-3824x98488,61
773,jeffreyvega@example.net,676-391-8602x6829,75
774,jeffreywebster@example.com,(456)779-4490x7619,61
775,jenkinsamanda@example.com,(264)211-6736x3430,78
776,jennalewis@example.org,(346)899-3314x7445,18
777,jennifer06@example.net,001-515-905-8313x0722,2
778,jennifer12@example.org,9959619469,15
779,jennifer57@example.org,202-557-0824x34650,75
780,jennifer63@example.org,001-418-526-2580,72
781,jennifer87@example.org,9849304380,22
782,jennifer99@example.org,(246)924-5117,38
783,jenniferarmstrong@example.com,310.966.8702,134
784,jenniferbailey@example.org,+1-892-840-9992x8333,62
785,jenniferflynn@example.com,001-562-499-7761x748,156
786,jenniferhall@example.org,981-387-2989x6351,156
787,jennifermcclure@example.org,674-989-3457x597,84
788,jennifermclean@example.net,+1-868-373-9607x669,2
789,jennifermiddleton@example.net,394-887-8834x594,20
790,jennifermoore@example.org,001-307-797-8356x42160,84
791,jenniferramirez@example.org,224-963-6162,75
792,jenniferrivera@example.com,709-615-8904x82124,19
793,jenniferrobinson@example.com,973.497.5142,7
794,jensendaniel@example.org,001-332-441-1833x97669,12
795,jeremiah78@example.net,001-346-832-8377x33302,76
796,jeremy36@example.com,461-405-7147x21967,134
797,jeremy55@example.net,+1-517-774-4534x4152,21
798,jeremy63@example.com,4777876166,38
799,jeremyrowe@example.com,(341)206-9216,32
800,jeremywalsh@example.com,740.305.7275,23
801,jerry56@example.com,(645)216-5286x56859,20
802,jerryschneider@example.net,708-952-5362x796,32
803,jesse65@example.com,498.908.0755x98868,23
804,jessica01@example.net,882.602.4266x9132,29
805,jessica11@example.net,3908045173,14
806,jessica43@example.net,531.261.5827x55961,151
807,jessica55@example.net,999-716-9981x407,28
808,jessica58@example.org,(471)234-9838,118
809,jessica73@example.net,8572638759,40
810,jessica80@example.net,4474253710,11
811,jessica93@example.net,001-240-375-7958x194,100
812,jessicacurry@example.com,5446334310,8
813,jessicagomez@example.net,693.680.3875x3137,22
814,jessicamontgomery@example.com,+1-968-930-0935x623,75
815,jessicapage@example.org,+1-711-490-7264x7417,134
816,jevans@example.org,500-266-7448,100
817,jglover@example.com,452.251.1633x5280,17
818,jgreen@example.com,+1-496-961-1023x532,118
819,jgreen@example.com,5468516988,10
820,jharris@example.com,2443391204,12
821,jhernandez@example.net,487-476-6395x984,36
822,jillian21@example.net,895.787.6092,7
823,jillschwartz@example.net,(418)545-0085x22000,15
824,jim29@example.net,356-828-1116,35
825,jimmy06@example.com,(748)336-5942,39
826,jimmy25@example.com,+1-613-971-2427,14
827,jjohnson@example.net,(902)513-6237x9643,17
828,jlester@example.net,001-372-564-5397,15
829,jlewis@example.com,488-823-1172,14
830,jmarshall@example.org,+1-468-519-1010,84
831,jmartinez@example.com,001-232-636-9829x03519,29
832,jmartinez@example.com,356.951.7953x72071,39
833,jmartinez@example.net,(889)698-1393,61
834,jmorales@example.net,509-924-4186x254,118
835,jodi62@example.org,001-678-602-7565,53
836,jodi98@example.net,+1-249-942-7210x86967,76
837,jodiphillips@example.net,(881)277-4618x530,125
838,jodyalvarez@example.org,+1-711-623-1508,33
839,jodyevans@example.org,(610)991-0062,23
840,john57@example.net,(751)865-6744x154,20
841,john62@example.org,001-763-233-7802x4074,124
842,john75@example.org,997-508-9305x6679,22
843,john97@example.com,+1-712-278-8790x2461,33
845,johngomez@example.org,+1-791-714-8909x246,10
846,johnneal@example.net,001-435-676-6903x02151,6
847,johnny51@example.net,001-297-831-4079x8947,39
848,johnsanders@example.org,942-248-0191,20
849,johnsoncheryl@example.com,+1-551-693-1205x45869,36
850,johnsonedward@example.com,+1-937-686-4846x6225,42
851,johnsonsamantha@example.com,+1-703-892-0735x81717,7
852,johnsontracy@example.net,6346728850,118
853,johnthomas@example.org,774.751.1351x8088,19
854,johnwilson@example.com,534.211.6853,4
855,johnwolfe@example.com,(809)229-7658x458,134
856,johnwood@example.com,(722)323-7576x34830,53
857,jonathan20@example.org,993-889-9253,62
858,jonathan87@example.org,811-781-9499x78344,29
859,jonathandavis@example.net,(764)288-3278,41
860,joneschristopher@example.org,3676658466,100
861,joneselizabeth@example.com,283.744.1842,84
862,jonesjeffrey@example.net,7144543723,42
863,joneslori@example.com,+1-592-244-4454x4059,14
864,jonesmason@example.com,779-572-3146x0494,3
865,jonespaul@example.org,340-841-1063x235,217
866,jonesstephanie@example.net,556.451.5291x5914,41
867,jordan63@example.org,(930)832-4206,38
868,jordanboyd@example.com,578.233.6237,61
869,jordangreen@example.com,596-207-6068x13164,100
870,jordankatie@example.com,+1-487-790-2280,38
871,jordanperez@example.com,258-731-5185,28
872,joseph70@example.com,636.335.1077x1246,84
873,joseph72@example.net,340-367-7369x793,36
874,josephcassandra@example.org,001-501-842-2842x170,20
875,josephmoore@example.org,001-477-322-0533x15245,18
876,josesweeney@example.com,(557)879-8946,14
877,joshua14@example.com,001-834-233-2231x924,22
878,joshua15@example.org,001-878-266-1003x69641,20
879,joshua32@example.org,597.584.1658x182,62
880,joshua40@example.org,924-806-8617x275,40
881,joshua54@example.net,976-738-1016x547,124
882,joshua57@example.org,(311)769-9497,124
883,joshua60@example.com,(865)576-8650x589,2
884,joshua61@example.org,001-260-325-2557x3972,7
885,joshua98@example.net,(467)587-1178,72
886,joshuaaguilar@example.net,+1-221-240-5425,18
887,joshuacampbell@example.net,755.988.2746x40286,61
888,joshuascott@example.com,8249410987,1
889,joshuawinters@example.com,(899)539-7956x518,15
890,jramirez@example.com,829.473.0420x0098,32
891,jreed@example.com,764.986.9440,18
892,jrice@example.org,281-986-5652,40
893,jriley@example.com,219.204.5084x26960,7
894,jriley@example.com,(802)898-1758,38
895,jrobinson@example.org,001-489-498-8135x21866,29
896,jsantana@example.com,(661)412-4299,3
897,juarezaustin@example.com,556.864.2056,42
898,juarezyolanda@example.net,642.907.6024x6725,6
899,judy54@example.com,543.477.0850x1659,10
900,judylopez@example.com,001-430-340-3210x0570,68
901,julia03@example.net,001-874-298-5152x9942,100
902,julia20@example.net,212.224.7896x19609,3
903,julia67@example.net,493-245-7531x58307,100
904,julia94@example.org,(841)766-9654x980,19
905,juliadonaldson@example.org,6747252385,151
906,juliapeters@example.com,551-906-9665,28
907,juliarios@example.com,001-932-247-3814x094,67
908,julie14@example.org,278-954-8598x5507,76
909,julie39@example.com,(495)479-6637x3818,72
910,julie53@example.com,(256)554-9518,3
911,juliecasey@example.com,3357051479,25
912,juliepaul@example.com,001-977-975-6611x708,80
913,justin36@example.com,696.701.1136x3955,217
914,justin74@example.org,989.441.4881x6530,53
915,justinhooper@example.com,+1-855-724-8299x5813,28
916,justinrobles@example.org,764.492.4552x0449,22
917,jwilliams@example.com,6363046679,62
918,karagreen@example.com,+1-209-855-6645x08147,78
919,karareed@example.com,655.889.3591x6343,19
920,karen45@example.net,001-749-615-0015x890,156
921,karengomez@example.com,+1-919-650-4603x1562,15
922,karenhorton@example.com,001-356-792-7544x30507,36
923,karenlewis@example.net,001-883-926-1975x859,12
924,karenlucas@example.com,+1-993-442-7136,11
925,karisnyder@example.com,001-236-622-4158x0032,36
926,karl30@example.org,901.659.1730x020,6
927,katherine98@example.org,+1-218-433-1102,2
928,kathleen06@example.com,851-566-8591,53
929,kathleen08@example.org,(370)492-2731,28
930,kathleenwilliams@example.com,001-534-627-6789x3284,75
931,kathryn20@example.org,9685388230,68
932,kathy11@example.org,(306)403-5300,72
933,kathy47@example.org,7714246276,8
934,kathyschwartz@example.net,219.258.2016,6
935,katieanderson@example.org,281-651-3609x860,42
936,katiebautista@example.com,9814351806,1
937,kayla85@example.com,001-209-851-2270x760,217
938,kaylajohnson@example.com,(236)328-4848,1
939,kbenson@example.org,943.768.0770x527,3
940,kdominguez@example.com,897.705.1177x37692,15
941,keithderek@example.com,(226)366-0626x2567,84
942,kelleyjeffrey@example.com,(916)877-0152x139,20
943,kelly02@example.org,+1-655-818-8532,100
944,kelly14@example.org,001-903-856-2873x047,125
945,kelly70@example.net,572.987.4058,11
946,kelly80@example.net,001-662-818-3293x9693,6
947,kelly91@example.net,7202982582,67
948,kellyalbert@example.net,+1-920-602-6681x12583,18
949,kellyamber@example.net,457-984-4316,15
950,kellycastro@example.com,735.245.2381x3864,41
951,kelsey35@example.org,573.354.9449,33
952,kelsey58@example.net,(863)840-4785,61
953,kelseywilliams@example.net,001-573-773-7478x107,14
954,kendra78@example.org,941.649.9077x0418,124
955,kenneth04@example.org,+1-293-867-7469x5894,8
956,kenneth36@example.org,825-763-0495x6159,125
957,kenneth61@example.org,852.978.5912x30685,40
958,kenneth63@example.com,+1-472-378-4821x42975,29
959,kenneth66@example.net,371.801.7550x85548,10
960,kennethfrench@example.org,001-210-825-3817x47373,217
961,kevin19@example.com,315.452.9900,3
962,kevin19@example.org,001-478-669-2786,2
963,kevin19@example.org,347-448-1076x828,12
964,kevin47@example.org,869.441.7966x51864,20
965,kevin63@example.net,222.619.0408,38
966,kevin88@example.net,+1-330-327-8941x20031,17
967,kevinadkins@example.com,377.322.6185x42958,61
968,kevinmccullough@example.org,249.476.3799x2340,61
969,kevinmclean@example.net,(243)957-9685x735,2
970,kevinthompson@example.com,396.756.3240,10
971,kfischer@example.com,487-253-5351x13365,3
972,kfleming@example.com,(865)930-3140x60667,17
973,khoover@example.org,528-725-6317x70431,67
974,kiddbrian@example.com,692-953-5294x025,2
975,kim47@example.org,(770)532-8398,72
976,kimangelica@example.com,913-587-3302x38380,61
977,kimberly01@example.com,(836)957-0180,29
978,kimberly38@example.com,856.201.8394x723,2
979,kimberly91@example.org,849-638-6525x97693,39
980,kimberlybaldwin@example.com,001-473-279-3958x27516,21
981,kimberlynash@example.com,240.582.0153,23
982,kimberlypalmer@example.net,958.701.7785,12
983,kimberlysmith@example.net,562-959-8984x826,62
984,kingbruce@example.org,+1-366-584-6542x6699,6
985,kjohnson@example.net,+1-828-328-3707x15459,10
986,kjones@example.com,001-979-422-8186,11
987,kking@example.net,001-426-933-2999x764,6
988,kmiller@example.org,+1-415-951-2657,84
989,kmullen@example.com,963.921.4146,134
990,knappchristopher@example.net,001-997-703-9397x1423,118
991,knightcarrie@example.com,(557)826-8979x85626,62
992,knightkevin@example.net,712.613.1520,2
993,koneal@example.com,(357)552-2604x3674,32
994,kramerjohn@example.net,497-951-4022x693,118
995,krista78@example.net,001-322-306-9087x828,3
996,kristahaney@example.net,557-205-1685,23
997,kristawilliams@example.org,001-311-353-1976x73261,3
998,kristen48@example.net,(949)970-2629,72
999,kristin02@example.org,(735)369-7322x237,18
1000,kristin21@example.org,001-202-620-2808x682,6
1001,kristinaortiz@example.org,001-397-278-6522x23333,39
1002,kristinasmith@example.com,(737)884-4825x6068,217
1003,kruegerrobert@example.org,001-661-670-2725x68712,17
1004,krystal76@example.org,426-934-8825x3725,76
1005,ksmith@example.org,(595)694-9879x054,12
1006,ktran@example.net,+1-694-819-6710x7729,67
1007,kwilliams@example.org,+1-637-523-2564x24493,36
1008,kyle35@example.com,001-772-263-0183x1999,22
1009,lanejessica@example.net,728-438-6391x564,11
1010,laneteresa@example.net,(601)977-7949x767,14
1011,langashley@example.net,811-349-5115,68
1012,larry68@example.com,959-523-1065x922,36
1013,laura23@example.com,001-748-427-2520x7088,42
1014,lauragraham@example.com,995-818-4680x1498,42
1015,laurathomas@example.com,618-990-5338x406,217
1016,laurendudley@example.com,242.818.8875x561,23
1017,laurenkelley@example.net,810.932.0381x1054,84
1018,laurenmurray@example.com,211.826.8810x4986,1
1019,laurenrodriguez@example.net,001-887-474-0047x3015,21
1020,laurenwilcox@example.com,(612)730-5081,72
1021,laurie51@example.org,705.752.4257x5469,100
1022,lbush@example.com,399.763.9022x55093,62
1023,lcisneros@example.com,802-526-4286x18330,124
1024,ldavies@example.net,940.754.4461x937,28
1025,ldorsey@example.org,381.390.1620x364,36
1026,ldouglas@example.net,(330)250-9080x9275,67
1027,leahsawyer@example.com,3988561288,68
1028,leechristopher@example.net,5128473549,38
1029,leecynthia@example.org,+1-489-398-1828,53
1030,leejennifer@example.com,+1-932-980-7061,38
1031,leejoshua@example.org,537.514.2122,61
1032,leshane@example.net,426.720.2431,53
1033,leslie27@example.net,+1-661-989-1568,53
1034,leslierios@example.org,279.603.3072x70861,42
1035,levinesara@example.org,9899054068,23
1036,lewisalison@example.org,(468)898-0094x01323,41
1037,lewismichael@example.net,+1-977-969-1633x45487,6
1038,lewisphilip@example.net,335.828.2599x2254,151
1039,lfoster@example.com,7134673106,35
1040,lgriffin@example.com,001-787-637-2029x5324,84
1041,lhaley@example.com,692-943-5194x17426,7
1042,lhawkins@example.com,+1-666-619-0306x53576,33
1043,librian@example.org,376.778.4306,42
1044,linda60@example.com,269-826-1318,14
1045,linda83@example.org,001-674-342-5391x0549,32
1046,lindabecker@example.org,001-586-914-6441x75853,25
1047,lindasheppard@example.org,775.964.2491,22
1048,lindsay51@example.com,223.450.3990x4721,20
1049,lindsey27@example.org,+1-216-222-3012,1
1050,lindseywilliams@example.org,764-585-9168,124
1051,linicholas@example.com,368.343.7760x0154,25
1052,lisa09@example.org,304-440-5734,78
1053,lisa19@example.org,836-283-9582x76201,17
1054,lisa42@example.com,001-322-209-8388x20756,67
1055,lisa45@example.org,(644)319-9076,125
1056,lisa90@example.net,+1-282-524-7606,33
1057,lisahuff@example.net,(266)686-0622,1
1058,lisamartinez@example.com,001-869-825-3454x55250,33
1059,lisaturner@example.net,728.326.5879,8
1060,lisawebb@example.net,+1-539-358-3109,80
1061,lisayork@example.org,+1-475-685-5646x1716,32
1062,livingstonjessica@example.com,2919268329,22
1063,ljackson@example.org,001-607-636-8586,35
1064,lkennedy@example.com,730-998-1333x4381,118
1065,llee@example.com,001-416-824-3751x6362,39
1066,lmanning@example.org,327.358.8903x07077,11
1067,logancharles@example.com,948-984-1295x53648,42
1068,longstacy@example.org,(655)678-1800x08985,29
1069,lopezcurtis@example.com,768.807.9003,217
1070,lopezdaniel@example.net,001-805-878-2576x983,18
1071,lopezdavid@example.com,644.578.4311x016,80
1072,lopezjeremy@example.net,449.283.7978x43679,28
1073,lopezmisty@example.com,552.288.6165x28349,3
1074,lopezsteven@example.org,378-688-9577,75
1075,lori31@example.org,982-257-1384,68
1076,lori56@example.com,311-687-5697x3363,2
1077,lori58@example.net,+1-477-420-6647x07973,23
1078,lorihoward@example.org,(967)736-4305,217
1079,lorimann@example.net,+1-286-249-8706x00609,134
1080,louis63@example.org,493-338-3230,23
1081,lowerychristina@example.com,595.699.4667,14
1082,lpreston@example.org,521.585.1181x24633,10
1083,lrios@example.org,2882542716,28
1084,lrivera@example.net,001-842-229-7726,8
1085,lrussell@example.net,475.309.0720,62
1086,lshaw@example.com,(302)405-3530x29980,78
1087,lsmith@example.org,659.864.4830x30025,125
1088,lucasaustin@example.net,001-470-645-4968,18
1089,lucassheila@example.org,+1-341-619-7658x210,8
1090,luiscarney@example.net,(214)997-1974x788,151
1091,luke00@example.org,+1-746-853-8542,125
1092,luke17@example.com,(539)916-9991x295,76
1093,lvillegas@example.org,910-282-9137x6971,2
1094,lwilson@example.com,751.405.9586x5440,125
1095,lwilson@example.net,318.843.7310x1342,19
1096,lydialynch@example.net,001-248-245-3925x6395,17
1097,lynnprice@example.com,+1-213-666-5730x2575,15
1098,maciasdavid@example.com,320.465.1071x04378,3
1099,mackmary@example.org,001-916-536-7098x3946,28
1100,madelinehardy@example.net,(912)944-9856x104,78
1101,madison58@example.com,284-771-8396x2841,124
1102,mahoneymichael@example.net,698-227-9105x0689,12
1103,malik94@example.com,(305)890-1207,36
1104,marcus12@example.org,001-475-590-9983x6998,78
1105,margaret03@example.org,(550)490-8192,125
1106,mariakeller@example.net,8315217776,1
1107,mariareyes@example.org,+1-554-876-3834x589,151
1108,marie08@example.net,001-704-619-9098x46013,12
1109,marilyn43@example.org,001-520-303-0347x334,42
1110,marilynsmith@example.com,948.261.5225,118
1111,mariofreeman@example.net,9412074589,11
1112,mark14@example.org,001-565-279-2742x2786,2
1113,mark22@example.com,899.479.8395x35233,8
1114,mark52@example.com,(826)873-1160x3140,67
1115,mark85@example.com,+1-287-999-8455x81355,35
1116,markcopeland@example.net,001-263-998-6940x179,67
1117,markgrimes@example.com,(775)578-5722x0260,1
1118,marklarson@example.com,538.235.2339x9933,75
1119,marktorres@example.net,883-263-3717,134
1120,marquezricardo@example.org,(330)791-7884,8
1121,marthachavez@example.com,321.862.7077,67
1122,marthavasquez@example.org,882-300-2399x701,75
1123,martin27@example.org,607-821-8457x68707,25
1124,martineznichole@example.net,+1-542-350-1791,6
1125,martinjessica@example.org,684-352-5761x31057,39
1126,martinmark@example.com,473-329-2810,68
1127,martinnancy@example.org,(280)683-0824,3
1128,mary10@example.org,962.716.7074,42
1129,mary14@example.org,001-692-582-4333,53
1130,mary99@example.net,474.781.7863x6567,10
1131,maryclark@example.com,828-961-5896,25
1132,maryhays@example.org,001-417-637-9410x4855,151
1133,marymaynard@example.com,214.696.1855x12380,10
1134,maryrobles@example.net,(440)703-3492x867,125
1135,masonjonathan@example.org,205-306-0094x086,14
1136,matkinson@example.net,790.694.7745,100
1137,matthew04@example.com,+1-896-507-5333,29
1138,matthew05@example.net,812.976.4994x987,12
1139,matthew21@example.org,435.286.3305x8267,2
1140,matthew25@example.org,757-332-2388,62
1141,matthew43@example.org,(756)489-1633,118
1142,matthew69@example.net,890.335.3425x3746,32
1143,matthew96@example.com,+1-420-524-9011x349,32
1144,matthewconner@example.net,590.764.8463x28406,35
1145,matthewgarcia@example.org,869.522.9665x580,11
1146,matthewhenson@example.net,401-665-9052x21134,18
1147,matthewhurley@example.com,+1-780-311-4550,17
1148,matthewrodriguez@example.org,967.698.2811,118
1149,mayeramy@example.org,+1-395-424-4362x99115,151
1150,mayerjohnny@example.org,755-237-9897,36
1151,mayscarmen@example.org,4922146434,36
1152,maysjessica@example.net,001-547-665-6892x1144,11
1153,mbell@example.com,001-598-634-9559,67
1154,mccannjessica@example.org,001-760-715-7715,20
1155,mccoykatherine@example.com,524-262-7548x871,125
1156,mccoykyle@example.net,001-344-234-5300,80
1157,mcdanieljames@example.net,(458)467-7409,6
1158,mcdanielnatalie@example.net,001-820-768-8842x034,35
1159,mcdanielsamantha@example.com,893.555.8012,125
1160,mcervantes@example.com,256.647.7242x11462,10
1161,mcgeevalerie@example.net,334.615.5745x203,67
1162,mcguireaaron@example.org,001-432-387-9814x225,217
1163,mcguirewilliam@example.com,+1-630-587-4836x332,38
1164,mcintoshcraig@example.net,+1-433-792-4582,11
1165,mckaymegan@example.com,(917)440-0520,42
1166,mckenziejones@example.org,816.461.2212,67
1167,mcowan@example.com,001-745-766-8439x24723,32
1168,meadowsjoseph@example.com,847-862-9956x0009,17
1169,megan40@example.net,+1-632-398-3593x138,7
1170,megan94@example.org,754-613-9811,12
1171,meganjames@example.com,+1-683-511-5895x10209,62
1172,meganmiller@example.com,+1-768-565-0973x46121,25
1173,megantaylor@example.org,2238956293,38
1174,melinda67@example.org,001-718-683-7370,19
1175,melissa17@example.org,+1-662-387-9537x6950,42
1176,melissa18@example.net,4779523342,41
1177,melissa22@example.org,+1-662-650-1888x608,42
1178,melissa28@example.com,370-385-3170,84
1179,melissa44@example.com,822-364-0202x813,42
1180,melissa56@example.com,(851)536-3143,6
1181,melissa65@example.org,+1-442-292-3729x1032,10
1182,melissaallen@example.com,001-488-919-8246x96364,42
1183,melissaduncan@example.net,(885)208-1747x2256,4
1184,melissakelley@example.com,462.322.0646,100
1185,melissapalmer@example.org,522.314.7568,72
1186,melissastone@example.org,7867057427,6
1187,melody29@example.com,246-292-5262x2738,76
1188,mendezsusan@example.net,(299)735-5027x896,14
1189,mendozakevin@example.com,638-224-6719x376,11
1190,meredithtodd@example.net,296.871.0474x139,6
1191,merrittcathy@example.net,(932)574-1068x394,41
1192,mezadaniel@example.net,+1-586-405-4546x95299,4
1193,mfrost@example.net,(665)359-5813x304,156
1194,mgomez@example.org,775-431-5380,53
1195,mhughes@example.org,001-434-938-0122x9847,29
1196,michael43@example.net,6797264515,53
1197,michael50@example.net,+1-648-645-6089,23
1198,michael63@example.org,(743)247-0365,8
1199,michael65@example.com,001-594-733-5215x5219,11
1200,michael87@example.com,406.475.4765,17
1201,michael87@example.com,5395569819,62
1202,michael87@example.com,(953)292-4213x815,42
1203,michael94@example.net,241-250-6439x9411,41
1204,michael96@example.com,757-543-1433x2515,80
1205,michaeldavis@example.net,(234)898-9272x25015,20
1206,michaelherman@example.net,915.251.6863x251,124
1207,michaeljohnson@example.com,898-497-8524x95740,4
1208,michaelortega@example.net,+1-293-710-9220x65176,25
1209,michaelwarren@example.net,882.922.2844x08621,124
1210,michaelwhite@example.org,001-677-308-7741x9404,80
1211,michaelwillis@example.com,(297)333-8654,75
1212,michealhoover@example.org,001-354-333-9757x346,1
1213,michele17@example.net,551.714.3485x21790,125
1214,michelesingleton@example.com,383.671.5491,10
1215,michelle47@example.net,001-602-310-9071x93132,39
1216,michelle74@example.org,418.667.1096x31513,124
1217,michelle76@example.org,+1-531-845-6876x698,35
1218,michelle88@example.com,251-317-1629,75
1219,michelleberry@example.org,+1-883-958-6075,20
1220,michellerivera@example.com,387.910.8098x733,22
1221,michellesmith@example.com,726.767.8214x99020,20
1222,miguelmunoz@example.com,(900)334-9141,28
1223,milesholly@example.com,842.985.3058x3514,42
1224,milestimothy@example.org,(495)582-0137x225,62
1225,millerchristina@example.org,476.869.4235x6576,118
1226,millerjesus@example.com,904-899-2881,18
1227,millerjohn@example.com,481-508-8897,118
1228,millermichael@example.com,659.951.6306x18276,8
1229,millerthomas@example.org,455-837-5916x25960,4
1230,millerwilliam@example.net,720.701.3409x8495,8
1231,misty17@example.org,4753675376,6
1232,mitchelljack@example.org,232-355-1526x10131,151
1233,mitchelllester@example.net,505-493-5218,2
1234,mitchellnathan@example.org,+1-713-477-0500,4
1235,mitchellwarner@example.org,4857270230,8
1236,mlawson@example.net,(772)921-9897x0236,36
1237,mollygraham@example.org,7805771068,4
1238,mollynelson@example.net,741-628-1055x1661,134
1239,monica10@example.net,834.393.2366x084,36
1240,monica32@example.com,001-619-434-1725,1
1241,monicawagner@example.com,001-513-898-0222,6
1242,monicawolfe@example.org,(720)724-7358x896,125
1243,montgomeryheather@example.com,4125506028,35
1244,montgomeryjason@example.org,+1-223-597-5445,61
1245,montoyaderek@example.net,362.971.4927x8177,18
1246,montoyajavier@example.net,3833397903,40
1247,mooredavid@example.org,3745906933,32
1248,mooreheidi@example.com,001-645-917-2591x3916,124
1249,moorekevin@example.org,941-285-2859x13230,32
1250,mooremichael@example.org,+1-200-587-2641x971,29
1251,moorestephen@example.com,288-888-8183x2849,76
1252,morgansamuel@example.org,(326)442-3304,17
1253,morrischristine@example.com,747-364-7682,20
1254,morsegary@example.org,(501)339-0294x33890,156
1255,mosesjill@example.org,001-606-798-6003,36
1256,mossanita@example.com,445.296.4761x79806,2
1257,mosstodd@example.org,001-257-388-7174,23
1258,mrodriguez@example.org,288-565-1939x5671,11
1259,mrose@example.com,654.528.5427,14
1260,mrush@example.com,410.230.1489x89616,33
1261,mrussell@example.com,614-246-1016,20
1262,msalazar@example.com,(401)941-5984,11
1263,msmith@example.org,679.974.9641,41
1264,mthompson@example.com,894.413.6547x022,40
1265,munozjohn@example.com,+1-841-787-9576x23344,118
1266,murphyeric@example.net,(477)818-1302,2
1267,murphymary@example.net,683-885-5239x3024,62
1268,nabbott@example.com,+1-368-836-5326x459,217
1269,naguilar@example.com,376-209-6474x36691,1
1270,nancy28@example.com,774.719.3214x9507,118
1271,nancy75@example.org,201-815-9845,11
1272,nancy76@example.com,570-960-0637,6
1273,nancybarnes@example.com,382-725-7606x56098,125
1274,narnold@example.com,(764)543-9701x401,75
1275,natalie48@example.net,(622)773-7584x375,78
1276,natalieking@example.com,+1-283-606-2251,38
1277,nathan37@example.com,+1-522-760-9471x18881,32
1278,nathan82@example.com,001-500-824-8754x4048,19
1279,nathan99@example.org,610-833-6752x149,28
1280,nathanbecker@example.com,781-443-3620x477,2
1281,nathanglover@example.com,(956)389-1259x62816,53
1282,nayala@example.com,2032946096,217
1283,nblack@example.net,7183149125,53
1284,nbridges@example.net,330.908.1095,35
1285,nbutler@example.net,490-509-2780x3059,151
1286,ncontreras@example.org,+1-234-399-1549x74140,100
1287,nfleming@example.com,001-864-872-7434x24354,36
1288,nguyenjoe@example.org,+1-523-395-7534x5801,21
1289,nhernandez@example.net,5667712072,28
1290,nhogan@example.com,(846)371-2519,75
1291,nhowell@example.com,(570)370-5794,17
1292,nicholas47@example.com,3013458531,11
1293,nicholas70@example.org,001-214-710-5313x153,39
1294,nicholas76@example.org,001-425-959-7744x02262,4
1295,nicholasduarte@example.net,229.209.3415x07074,76
1296,nicholasklein@example.net,435-429-8231,20
1297,nicholaskrause@example.com,001-459-712-3606x62408,21
1298,nicholskent@example.net,(906)800-1536,68
1299,nicholsonheather@example.com,465-822-2447x403,4
1300,nicholsontimothy@example.com,+1-692-397-7625,29
1301,nicole68@example.com,235.216.8942x92896,61
1302,nicolecarson@example.org,8907339898,7
1303,nlam@example.net,574-620-1226,12
1304,nmcneil@example.org,001-785-946-4506,118
1305,nmurray@example.org,+1-403-545-0178x025,53
1306,npollard@example.net,001-551-930-4764,134
1307,nromero@example.net,910-978-3880x38320,100
1308,nschwartz@example.org,001-572-585-7581,8
1309,nthompson@example.net,001-772-905-5630x1357,35
1310,ntodd@example.com,480.841.4213x22890,28
1311,nwilliams@example.net,+1-321-842-8404x814,134
1312,nyoung@example.net,001-787-793-3556x0311,19
1313,obriendavid@example.org,609.735.1968,33
1314,obrienmarcia@example.net,358-442-4482x5027,39
1315,obrown@example.net,993.813.5839x019,33
1316,obrown@example.org,431-347-9331x6425,4
1317,ocrawford@example.com,+1-723-512-7803,17
1318,ocunningham@example.com,+1-825-297-4784x20334,124
1319,oharris@example.org,489-700-2624,41
1320,ojohnson@example.net,+1-430-253-1495,68
1321,ojohnson@example.net,3895327560,10
1322,ojones@example.net,555.385.2728x260,36
1323,okramer@example.com,447-979-4428,20
1324,oliviachaney@example.com,001-876-551-9167,38
1325,oliviawyatt@example.net,511.377.7417,42
1326,olsoncharles@example.net,001-945-483-8677,118
1327,olsonrichard@example.net,808.275.1046x1428,72
1328,omckinney@example.net,001-654-553-9122x973,1
1329,onealjonathon@example.org,+1-860-257-7346x24196,19
1330,ortizjesse@example.com,+1-920-218-1458x911,35
1331,ortiztimothy@example.org,(669)629-9071x3985,125
1332,otyler@example.com,001-417-771-7619x623,156
1333,owashington@example.org,+1-269-825-3738x15927,41
1334,owelch@example.com,870.714.9942x733,217
1335,owensheather@example.com,001-225-413-3830,84
1336,owensheather@example.net,672-341-1011,41
1337,owensjennifer@example.org,+1-320-775-6090x974,39
1338,palmerkristina@example.com,001-563-584-4059,217
1339,pamela01@example.org,830.680.6815x4091,33
1340,pamela23@example.net,653.392.3443x6594,84
1341,pamela33@example.org,+1-249-881-5589x41340,15
1342,pamela40@example.net,700-842-9584,19
1343,pamelafisher@example.org,862.443.6789x06110,80
1344,pamelagross@example.com,599.297.4838x858,42
1345,parkermartha@example.org,240.511.3199,20
1346,patricia03@example.org,374-637-1130x2296,125
1347,patriciarowland@example.net,(704)606-4057x2340,36
1348,patriciatorres@example.org,001-258-234-0616x02619,23
1349,patrickcampbell@example.org,(200)289-2319x874,61
1350,patricklucas@example.com,+1-535-936-6357x87848,4
1351,patrickmcclain@example.org,593.833.8746x9540,1
1352,pattondavid@example.org,001-889-984-1605,33
1353,paul31@example.com,(767)313-4272,124
1354,paul41@example.com,001-613-213-7554x18419,53
1355,paul56@example.org,676.723.5090,125
1356,paul66@example.com,517-715-1690x57480,125
1357,paul69@example.com,(432)211-1538x821,11
1358,paul92@example.org,+1-681-581-9113,11
1359,pauljones@example.com,+1-700-605-8687x5414,118
1360,paulmedina@example.org,(964)433-9713x49283,1
1361,pbrown@example.net,473.794.7926x32846,62
1362,pbryant@example.com,395-446-1546x729,17
1363,pcampbell@example.com,371-928-1081x640,32
1364,pchambers@example.org,(219)535-7303x4809,18
1365,pdavis@example.org,442.290.7861x01075,6
1366,peggyvargas@example.org,616.369.6516,84
1367,perezdarren@example.org,(290)514-8376x407,11
1368,perezelizabeth@example.net,001-222-429-1229x66733,42
1369,perezjason@example.net,+1-378-497-9719x48143,19
1370,perkinssamuel@example.com,323-894-7017,151
1371,perryparsons@example.com,001-513-819-0065x45317,84
1372,peter69@example.org,281-936-7159,100
1373,peter81@example.org,001-410-334-6194x3943,4
1374,petercurry@example.org,001-230-873-6738,84
1375,petersdavid@example.net,(944)479-5965x8257,62
1376,petersonbrenda@example.org,001-901-785-9083x2825,61
1377,pevans@example.com,2649126380,76
1378,pfrazier@example.net,3257054245,22
1379,pfrey@example.org,531-666-8183x248,10
1380,pgomez@example.com,(802)688-3305x3610,76
1381,pguerrero@example.com,(494)633-3749,217
1382,phammichelle@example.com,(335)980-0010x377,151
1383,phanson@example.net,+1-232-880-6053,42
1384,philip78@example.org,482.316.8280x04039,151
1385,phillip32@example.org,001-781-810-4147x129,100
1386,phillip32@example.org,968.712.6344x84356,2
1387,phillip62@example.com,001-566-838-6261x325,39
1388,phillipsalejandro@example.com,557-278-0638x38435,39
1389,phillipsmichele@example.org,7074205808,36
1390,phubbard@example.net,717.534.4062,67
1391,phyllisramirez@example.net,001-264-914-7489x4911,68
1392,piercelauren@example.net,001-936-210-8387x14948,32
1393,pittmancaroline@example.com,8852863807,33
1394,pjefferson@example.net,(420)264-2774x1880,134
1395,plloyd@example.org,(268)474-3898x3716,156
1396,pmason@example.com,(339)814-1426x3044,100
1397,pmathis@example.org,001-773-477-4595,38
1398,pmclaughlin@example.net,001-492-522-1727x519,42
1399,pmelendez@example.com,(433)520-4518x7031,22
1400,pmichael@example.com,572-372-8571x28144,151
1401,portermicheal@example.org,+1-340-572-8798x438,32
1402,powens@example.org,270.269.6471,28
1403,powersandrea@example.com,637.822.5684x276,118
1404,prattcheryl@example.org,001-417-317-0133x823,41
1405,prestonmercer@example.net,558-614-7114x72458,78
1406,pricecaitlin@example.net,266.242.2450,18
1407,pricedavid@example.com,3218914775,23
1408,pricejamie@example.net,899-836-0076x480,68
1409,princerobert@example.net,223-253-2348x5389,42
1410,pross@example.com,(906)365-2332x07620,29
1411,pruittjane@example.com,001-226-420-6039,28
1412,pschneider@example.org,(792)889-9489x155,1
1413,pstone@example.org,(264)516-9979,17
1414,pwang@example.net,001-274-691-6385x304,38
1415,pwilliams@example.org,001-352-559-4024x491,6
1416,qblack@example.com,748-753-1912x957,68
1417,qbrown@example.net,001-644-713-4852x96360,36
1418,qcampos@example.com,8366714883,29
1419,qcarter@example.org,352.748.0723x4769,84
1420,qcolon@example.org,+1-965-546-9836x151,7
1421,qhart@example.net,545-743-0985x950,118
1422,qholt@example.com,001-766-880-3292,124
1423,qkelley@example.com,229.959.9692x089,124
1424,qkelly@example.net,+1-504-467-0408x3584,20
1425,qpatrick@example.com,424-829-4954x69060,53
1426,qrichardson@example.net,931-725-9165x954,17
1427,qrocha@example.org,(813)547-1995x777,124
1428,qrodriguez@example.com,(511)774-0995x164,18
1429,qrose@example.com,873.603.4025x32266,4
1430,qsmith@example.org,696.843.0348x47527,23
1431,qthompson@example.net,(690)644-4138x82853,53
1432,qwatson@example.net,393-253-5940x840,29
1433,qwilliams@example.com,498-880-5234x1166,151
1434,qyoung@example.org,(939)526-2933x402,42
1435,rachel20@example.net,+1-413-648-2220x435,67
1436,rachel23@example.net,+1-246-407-7520x87229,25
1437,rachelwalters@example.org,540.866.5316x216,134
1438,ramirezcourtney@example.org,001-911-881-9893x7184,100
1439,ramirezdaniel@example.net,459-363-5778,11
1440,ramirezsandra@example.net,969.900.0221x2952,2
1441,ramosdaniel@example.net,506-635-4400x7583,29
1442,ramseysandra@example.com,(510)490-8763,17
1443,randallsuzanne@example.com,(305)303-4406x325,11
1444,randy51@example.com,338.910.7695x22096,72
1445,randy87@example.com,+1-408-748-9002x087,4
1446,randycamacho@example.net,236.207.0310x4051,62
1447,rayalicia@example.net,(647)957-2468x6833,32
1448,raymond81@example.com,001-626-461-6993x617,10
1449,raymondgarcia@example.org,679-727-1858,18
1450,rbailey@example.com,+1-303-912-2079x730,29
1451,rbates@example.net,(782)278-7125,29
1452,rbrown@example.org,(605)459-7199,7
1453,rcarrillo@example.net,+1-238-691-0235x8892,2
1454,rebecca17@example.net,7178226506,10
1455,rebecca26@example.org,(724)471-7332x94591,75
1456,rebecca94@example.net,(893)957-1713x736,11
1457,rebecca96@example.com,(800)994-5302x5542,21
1458,rebeccacooper@example.com,001-729-362-5241x71484,84
1459,rebeccaflores@example.net,+1-343-493-5848x911,11
1460,rebeccahardy@example.net,798.630.3384x7754,68
1461,rebeccahenry@example.org,4088289094,35
1462,rebeccaowen@example.com,001-846-700-5135x462,1
1463,rebekah14@example.org,611-202-6128x77926,62
1464,reesephillip@example.org,981-916-4686x317,124
1465,reidkimberly@example.org,(521)953-8618x3650,75
1466,reillyjames@example.net,+1-228-470-9431x27944,61
1467,renee82@example.org,572.249.9461x1262,28
1468,reneeberg@example.net,625-805-7831,61
1469,reynoldsashlee@example.org,571.885.4376,38
1470,reynoldsashley@example.net,+1-773-210-5742x14583,67
1471,reynoldsbreanna@example.com,828-652-8334x4674,18
1472,rgalloway@example.net,264.706.1168,1
1473,rgates@example.com,834.787.8953x54225,217
1474,rgonzalez@example.org,(577)505-7787,6
1475,rhaney@example.net,(203)415-2315x42003,6
1476,rherrera@example.net,754-208-9293x9117,23
1477,rhodesantonio@example.net,(200)797-4199x099,22
1478,rhonda55@example.net,001-722-663-2038x51016,22
1479,rhonda67@example.net,001-988-559-7362x76238,68
1480,rhonda78@example.org,467.305.8138,11
1481,rhondaedwards@example.net,001-945-276-6700,76
1482,ricardocameron@example.com,603-629-7663x0464,28
1483,ricardohodges@example.com,9567319714,36
1484,richard01@example.org,(810)969-7935,6
1485,richard29@example.net,414-596-2778,134
1486,richard86@example.com,001-819-613-0536x43945,10
1487,richardadams@example.net,001-838-636-7585,42
1488,richardbuchanan@example.com,001-888-553-1752x03851,17
1489,richardgonzalez@example.com,001-761-561-3306x7303,68
1490,richardjensen@example.net,272-574-6210x030,75
1491,richardlopez@example.org,(776)754-6673,41
1492,richardmendoza@example.net,(383)848-4823,22
1493,richardmoreno@example.org,(375)652-1959,80
1494,richardsdaniel@example.net,851-699-3978x2430,151
1495,richardsonkeith@example.net,001-723-864-9136x26495,17
1496,richardzamora@example.net,258-755-4422x319,40
1497,richmondjulie@example.net,430-955-9022x65767,17
1498,rickycolon@example.com,(247)348-8594,17
1499,rileykeith@example.com,(504)810-8808x625,100
1500,rileyrobert@example.org,+1-224-415-4474x1374,3
1501,rjackson@example.net,+1-753-608-8219x693,80
1502,rlee@example.org,+1-914-282-2626x71537,68
1503,rlynch@example.com,285.792.2249x29623,11
1504,rmartin@example.com,3324257137,39
1505,rmorales@example.org,3959184477,17
1506,rmurray@example.com,8189419595,61
1507,roachphillip@example.com,001-980-478-9429,217
1508,robert02@example.org,325-689-0322x653,19
1509,robert06@example.com,(925)539-5166,68
1510,robert27@example.net,+1-958-857-8167x8392,1
1511,robert33@example.com,286.940.9932,12
1512,robert48@example.net,(289)565-6092x598,75
1513,robert77@example.org,+1-967-750-3705x579,15
1514,robert83@example.net,526-632-8590x99618,72
1515,robertgriffith@example.net,001-865-853-4700,62
1516,robertowens@example.net,499.912.0391,84
1517,robertperkins@example.org,562-642-1960x643,35
1518,robertrusso@example.org,771.460.2431x22761,38
1519,robertscourtney@example.net,001-990-587-8343,4
1520,robertsmark@example.net,300-201-0791,68
1521,robertwagner@example.com,547.474.3556x455,1
1522,robinallen@example.com,001-809-820-0348x9345,100
1523,robinflynn@example.net,679-612-2073x6400,72
1524,robinsonjason@example.com,+1-795-853-4537x47735,68
1525,robinsonsteven@example.org,(962)705-0812x58331,67
1526,robinsonwilliam@example.net,377.877.5316,20
1527,rodriguezashlee@example.net,229.542.8132,38
1528,rodriguezjonathan@example.com,(685)963-7530,217
1529,roger68@example.com,+1-570-251-5251x2055,67
1530,rogerslarry@example.com,001-519-779-0533,14
1531,rojasrobert@example.org,(290)359-6204x21307,6
1532,romankristine@example.com,(422)669-6346,33
1533,ronald49@example.net,001-576-878-6692x51379,40
1534,ronald66@example.org,755-544-4521x036,125
1535,rossdavid@example.net,520-291-9193x48862,8
1536,roymarcus@example.com,255.382.3393x12947,19
1537,rpalmer@example.net,343.339.0911x55832,2
1538,rpatel@example.com,(482)570-7058x7651,125
1539,rphillips@example.com,563.457.7457,11
1540,rruiz@example.net,897.629.3082x92876,151
1541,rsmith@example.net,2759721806,14
1542,rtorres@example.org,3322574718,18
1543,russell64@example.com,307.554.9031,35
1544,russellmelissa@example.org,(334)572-6572x020,1
1545,rvega@example.net,702-401-2568x799,6
1546,rwiggins@example.net,(255)468-9007x8210,23
1547,ryan67@example.org,001-365-589-8649,76
1548,ryanbishop@example.net,217-959-1524x353,124
1549,ryanmarshall@example.org,(917)355-0199,75
1550,ryanwiley@example.com,946.444.8931,125
1551,ryoder@example.org,(344)617-5441x3706,80
1552,sabrinalee@example.org,001-286-624-6200x15084,84
1553,sallen@example.com,(701)873-9714x81213,17
1554,samantha16@example.com,001-278-269-1220x524,19
1555,samantha17@example.org,+1-858-404-6439x30499,1
1556,samantha43@example.com,(768)287-7563,7
1557,samantha87@example.com,001-662-714-1310x106,68
1558,samanthamiller@example.org,+1-353-445-4724,118
1559,sampsonjohnny@example.net,001-737-881-2722x336,68
1560,samuelcarpenter@example.com,5242780111,4
1561,samuelwatson@example.net,(386)582-6254x978,28
1562,sandovaljessica@example.com,422.364.8130,40
1563,sandovalrobert@example.com,217-212-3096x151,67
1564,sandra65@example.com,(623)292-6105x9027,14
1565,sandraferguson@example.net,774.279.2580x6003,35
1566,sandramorris@example.com,506-762-9734x169,42
1567,sandrayang@example.net,001-894-704-7757,32
1568,sanfordmichael@example.com,(255)639-0785x88445,62
1569,santanaalexander@example.net,(938)377-6987,100
1570,santanamichael@example.org,(451)473-7352x65329,80
1571,sarah36@example.com,+1-974-320-7625,41
1572,sarahansen@example.com,538-213-5820x3999,2
1573,sarahhall@example.net,+1-321-633-8080x113,78
1574,sarahramirez@example.org,263.958.5283x92290,80
1575,sarahwatson@example.org,001-884-726-0837,61
1576,sarahwatts@example.org,+1-462-708-5448x5528,35
1578,saraoliver@example.net,651.882.6692,20
1579,saraperez@example.com,874.575.5195x858,76
1580,sbarton@example.com,204.759.9834x26705,18
1581,sblanchard@example.com,001-770-204-1681x0235,151
1582,scardenas@example.com,(223)911-2513x78109,40
1583,scasey@example.net,566-996-5814,84
1584,schultzsteven@example.org,(395)395-7509,8
1585,scott95@example.net,001-390-336-1366,100
1586,scott99@example.org,8074088857,76
1587,scottcarlos@example.com,908.320.0267x297,4
1588,scottmedina@example.net,211-324-5770x81519,15
1589,scottmoore@example.org,378-329-1987x43975,35
1590,sdaniels@example.org,+1-578-746-8966,118
1591,sdougherty@example.net,(576)303-7994x815,3
1592,sean83@example.net,+1-312-216-5929,1
1593,sean83@example.net,+1-522-614-5104x6266,17
1594,seangregory@example.com,747.653.8136,67
1595,seansingleton@example.net,+1-735-959-2187x534,33
1596,sellersnathaniel@example.org,(915)869-8844,125
1597,shannon09@example.net,336-474-5357,42
1598,shannon73@example.com,+1-847-307-5667x2728,53
1599,shannon90@example.com,7486451561,2
1600,shannonbailey@example.net,+1-232-997-5510x24243,75
1601,shannongraham@example.com,2808342692,38
1602,shannonjacobs@example.com,982.544.0094,17
1603,shannonsmith@example.org,919.634.2218,8
1604,sharon21@example.org,+1-393-253-8574x6179,124
1605,sharon31@example.net,+1-340-351-6749x6878,125
1606,sharon42@example.org,+1-371-820-6587x271,36
1607,sharonwilliams@example.com,651.746.6931,67
1608,shaun28@example.net,+1-392-868-0161x2941,32
1609,shawn14@example.org,001-507-424-1517x149,11
1610,shawn74@example.net,(771)536-0340x1562,28
1611,shawnwilliams@example.com,(999)641-4252x59551,40
1612,sheacody@example.net,(961)523-2743x82466,151
1613,shelby11@example.org,826.627.0209x6936,3
1614,shelleymiller@example.com,387-672-2236,134
1615,shellyherman@example.com,643.798.2555x51153,35
1616,shepherdjohn@example.net,606-984-0752x6569,11
1617,shepherdjoseph@example.org,448.856.3848,32
1618,sheppardlisa@example.net,741-468-4512,2
1619,shermanamy@example.com,274-402-9460,61
1620,shernandez@example.org,(947)905-1625,78
1621,shill@example.net,001-855-532-3380x85843,38
1622,shudson@example.com,001-283-316-9192x92911,39
1623,shull@example.com,534-935-8985,32
1624,sierralee@example.com,(485)230-5016x69267,217
1625,simmonsdavid@example.net,2402108944,2
1626,simmonslinda@example.net,(375)674-0980x4186,217
1627,sjones@example.net,945-606-8974x92548,39
1628,skinnerapril@example.net,+1-695-872-4797x9358,217
1629,sknox@example.com,+1-494-228-8935,22
1630,sli@example.org,001-419-647-6349,125
1631,slin@example.net,575.378.6758x56063,25
1632,sloanstephen@example.net,751-976-0133,40
1633,slopez@example.net,(896)455-5963,62
1634,slove@example.net,482-438-7056x03571,42
1635,smithamanda@example.com,(654)255-5118x332,20
1636,smithamanda@example.org,5126650816,29
1637,smithamber@example.org,8008145220,68
1638,smithbrittney@example.org,3056924743,40
1639,smithcassandra@example.org,419.707.0206,75
1640,smithdalton@example.com,001-904-762-1273x24640,4
1641,smitheduardo@example.com,842-445-1600,72
1642,smithjennifer@example.com,+1-992-867-8204x29969,28
1643,smithjesse@example.org,330-884-2953x06256,23
1644,smithkenneth@example.com,+1-572-971-3264x7023,33
1645,smithmary@example.org,737-844-7916x063,100
1646,smithmatthew@example.net,(559)799-3243,35
1647,smithrachel@example.org,929-436-2237x09822,15
1648,smithsara@example.com,234-271-9282x28201,80
1649,smithshelley@example.com,001-441-381-2221x7510,118
1650,smithwilliam@example.com,213-990-4290,61
1651,snelson@example.org,541-445-5045,35
1652,snydermark@example.org,+1-473-384-5417x54038,67
1653,sophiablackwell@example.com,543.293.7464x112,84
1654,sparksrobert@example.org,2738118286,8
1655,spencerjon@example.org,+1-232-928-9598x6837,41
1656,srobinson@example.org,001-484-424-2185x04332,25
1657,srogers@example.org,6782523366,125
1658,ssanders@example.org,427-326-1880,15
1659,ssavage@example.net,608.946.9844,53
1660,ssmith@example.com,001-868-405-2544x328,40
1661,staceychavez@example.net,879-902-2417x85276,14
1662,staceydawson@example.org,2922447560,2
1663,stacyclark@example.net,354-984-5116,124
1664,stacyryan@example.org,706-759-8374x937,124
1665,stanleycolleen@example.com,845.940.9078x3957,72
1666,stanleylaura@example.org,(230)463-0383,28
1667,steinjennifer@example.org,546-815-5169,38
1668,stephanie26@example.com,380.949.8034,32
1669,stephanie46@example.net,7429026870,25
1670,stephanie47@example.com,769.571.1044,35
1671,stephanie82@example.com,2016358790,76
1672,stephanie86@example.com,(792)331-6483x592,14
1673,stephaniebradshaw@example.com,+1-589-432-0120x335,22
1674,stephaniechambers@example.com,+1-256-716-5651,35
1675,stephaniegomez@example.org,600-974-5428,156
1676,stephanielewis@example.net,001-724-449-2150,28
1677,stephaniemoreno@example.com,+1-406-632-6028,4
1678,stephanieorozco@example.com,412-539-2153x67140,125
1679,stephen16@example.net,+1-941-843-1071x75654,125
1680,stephen28@example.org,946-919-8653,39
1681,stephen43@example.net,515-869-7161x395,75
1682,stephen71@example.net,+1-649-958-5795x169,134
1683,stephen91@example.com,419.646.1966,22
1684,stephen92@example.com,841-505-7750x44451,78
1685,stephenparker@example.org,(833)520-6395,17
1686,stephenramos@example.net,+1-983-618-3127x14362,84
1687,stephenstami@example.com,294-487-1636x750,11
1688,steven00@example.net,319.872.3716x4059,19
1689,steven19@example.org,+1-267-770-2782x035,156
1690,steven56@example.com,001-830-817-9318x58357,76
1691,steven77@example.org,001-584-537-2398x503,40
1692,steven81@example.org,+1-748-308-9803,1
1693,steven85@example.com,(909)878-8063x50817,78
1694,steven86@example.com,721.479.4918x6540,7
1695,stevencunningham@example.net,001-682-783-7504x658,12
1696,stevenleonard@example.org,823.263.3534,29
1697,stevennolan@example.com,314.928.2908,151
1698,stevenpage@example.org,8225487331,217
1699,stevenperez@example.com,783.790.2597x63191,21
1700,stonestacy@example.com,7663109517,76
1701,stoutjeffrey@example.com,001-926-961-0763x68102,12
1702,sullivanjanet@example.net,(554)449-8249,41
1703,susan39@example.org,(280)979-8754x0538,21
1704,susansullivan@example.org,423.863.1121,21
1705,suzanne55@example.com,(895)535-0941x740,76
1706,suzannemiller@example.com,(579)538-8462x21458,1
1707,swansonpatricia@example.com,922-896-8179x4974,76
1708,sweaver@example.org,301.455.3509,28
1709,sweeneyjulie@example.org,001-301-301-8087x25324,72
1710,sydneysmith@example.net,996.566.5604,125
1711,tamaramedina@example.com,+1-263-644-0011,76
1712,tamarapittman@example.com,+1-454-311-7397x92374,21
1713,tamaraswanson@example.net,(405)342-4741x864,80
1714,tammydavis@example.net,001-267-337-2035,28
1715,tammygoodman@example.org,(617)997-7004x7947,36
1716,tannerchristina@example.org,429.441.1790,23
1717,tannerkenneth@example.org,001-367-569-6575x4073,12
1718,tanyabright@example.net,(913)246-1373x398,156
1719,tara70@example.org,361.879.3068x6839,68
1720,taradavis@example.com,+1-946-457-4308x889,84
1721,tararoberts@example.com,(310)677-0185x602,40
1722,taylor60@example.com,+1-254-747-3803x7528,35
1723,taylorashley@example.org,972.372.9006x7145,23
1724,taylordoris@example.net,(534)848-6939x389,151
1725,taylorjennifer@example.org,001-743-746-0125x90207,36
1726,taylorkristine@example.com,+1-460-351-7630x967,21
1727,tbailey@example.org,552-882-1990,7
1728,tbrown@example.com,(861)358-2869,53
1729,tchavez@example.net,001-582-778-7306x6787,12
1730,tdelacruz@example.com,+1-983-335-8114x1426,12
1731,tdelgado@example.net,+1-844-503-9960x508,10
1732,tdelgado@example.net,(878)278-1444,29
1733,tdunlap@example.net,001-236-977-9675x600,17
1734,teresa55@example.com,426.273.2137,38
1735,teresa78@example.org,001-615-223-1789x7891,61
1736,teresathornton@example.com,001-521-447-5436x23983,4
1737,terridoyle@example.com,6137194327,75
1738,terrivance@example.org,001-257-470-6776x6459,29
1739,terrypatrick@example.org,+1-545-404-0517x698,72
1740,tfisher@example.net,415.645.7524,125
1741,tglover@example.org,839.486.4971,3
1742,thanson@example.org,+1-644-301-4390x36953,1
1743,thomas28@example.net,(478)319-7067x2157,217
1744,thomas36@example.org,630-563-3070,156
1745,thomas82@example.net,890-254-5820x625,8
1746,thomas88@example.org,+1-649-807-5826x7621,53
1747,thomasbell@example.net,001-321-923-4898,29
1748,thomasgloria@example.org,+1-262-418-2823,29
1749,thomaspam@example.net,(359)704-2566x9373,36
1750,thomaswerner@example.net,644.357.4193x7058,217
1751,thompsonjeffrey@example.net,487.511.2893,41
1752,thompsonjoseph@example.org,+1-943-347-5484,1
1753,thompsonmelissa@example.net,382-477-3346,4
1754,thompsonraymond@example.net,574-331-2608x36762,15
1755,thompsonthomas@example.org,001-718-791-6840x2304,29
1756,tiffany22@example.org,664-566-1447,28
1757,timothy19@example.org,(608)777-5948x51152,4
1758,timothy23@example.org,001-637-420-4123x6274,32
1759,timothy50@example.net,438.980.8813x8963,80
1760,timothy85@example.org,670-861-2810,41
1761,timothy91@example.org,(989)804-5460x056,17
1762,timothyhale@example.com,(471)377-6136,28
1763,timothymarshall@example.org,586-963-1230x47504,32
1764,timothyperry@example.net,982.319.9733x07664,62
1765,tina06@example.com,835-320-6951x742,12
1766,tina62@example.com,+1-705-868-8565x121,42
1767,tinakeith@example.org,(723)316-4376x238,32
1768,tinaking@example.net,+1-846-914-8239,28
1769,tinasullivan@example.com,(644)509-9538x836,22
1770,tjohnson@example.com,(406)373-9937x33455,25
1771,tmartinez@example.com,728.406.5679,17
1772,tmiller@example.net,001-880-660-9787x29524,62
1773,tmiller@example.net,(665)973-0679x500,11
1774,todd56@example.org,001-640-957-2379,15
1775,toddoneill@example.org,(223)452-9440x8642,8
1776,toddreynolds@example.net,+1-549-767-4405x13305,42
1777,toni11@example.org,291.871.4013,11
1778,tony08@example.net,(320)604-1798x932,21
1779,tony12@example.org,(556)754-5171x15512,134
1780,tonya30@example.net,867-509-2599,61
1781,tparrish@example.com,001-758-204-8875,76
1782,traceymason@example.org,001-474-876-2349,41
1783,tracy01@example.net,+1-466-263-5609x876,35
1784,tracybriggs@example.com,(854)288-3416x9518,2
1785,travisgonzalez@example.net,001-339-791-6167x880,100
1786,troy12@example.net,4682499699,72
1787,tstrong@example.com,711-857-5836x4343,8
1788,tuckerchristina@example.com,2577901779,2
1789,tuckerchristina@example.org,001-801-792-9861,118
1790,tuckerstephanie@example.net,996-789-4547x31481,39
1791,turnertammy@example.org,308-591-9484x700,2
1792,twalker@example.net,7103411433,4
1793,tylerbush@example.net,001-602-750-8737x65344,80
1794,tylerhoward@example.net,776-301-5871x110,2
1795,tylermario@example.com,+1-443-523-2437x918,75
1796,tylerrobert@example.org,378.750.1840,67
1797,tylersmith@example.com,+1-451-387-8915,21
1798,uayala@example.com,308-293-8047x7080,19
1799,ucantu@example.net,(536)658-1908x766,156
1800,ucastaneda@example.org,(691)349-1405x9962,67
1801,ucooper@example.net,677-668-0510x544,36
1802,ufloyd@example.com,(692)386-3448x690,61
1803,ugray@example.org,738-332-3990,118
1804,uhall@example.org,(545)848-3708x000,32
1805,uhorton@example.com,+1-275-977-2494x760,100
1806,uking@example.net,(830)963-1621x54506,35
1807,umartinez@example.com,577.648.6095,25
1808,umcclure@example.org,001-622-897-5184x654,29
1809,unelson@example.net,9368120235,84
1810,urangel@example.org,325-373-0097x14058,21
1811,urosario@example.org,602.228.2514x6621,39
1812,usmith@example.com,001-615-488-0706x5190,29
1813,usmith@example.org,353-500-2929x493,124
1814,usnow@example.net,(885)649-0120x686,22
1815,utran@example.com,001-830-662-2300,3
1816,uunderwood@example.org,001-543-427-6067x572,61
1817,uwilson@example.net,529.968.9453,62
1818,uyoung@example.net,(424)610-4405,23
1819,valeriestewart@example.com,335-224-7041x3830,36
1820,vbarton@example.net,001-863-790-6959,75
1821,vcook@example.net,001-334-778-5401,62
1822,vedwards@example.com,2268989207,33
1823,velasquezjoe@example.net,239-992-8164x931,134
1824,velasqueznathan@example.net,001-532-847-7356x828,17
1825,vgutierrez@example.net,(782)614-9855x27760,14
1826,vickiepotter@example.com,931-961-4180x812,10
1827,victor83@example.org,875-839-3742,75
1828,victoria69@example.net,+1-386-596-4673,1
1829,victoria98@example.com,+1-888-401-9057x23737,8
1830,victoriabailey@example.net,001-733-232-6007x5276,40
1831,victorjones@example.net,(361)493-4798,156
1832,villarrealpatricia@example.net,001-394-530-9530x57233,15
1833,vincent78@example.com,648-758-6497x65615,35
1834,vincentjohnson@example.org,001-404-367-1831x50431,20
1835,virginia19@example.org,+1-522-400-5777,18
1836,vjordan@example.com,658.373.3210,3
1837,vmckinney@example.com,6195763683,67
1838,vmoore@example.net,001-975-260-3941x5514,100
1839,vshaffer@example.com,001-850-269-4674x299,124
1840,vsmith@example.com,+1-853-283-3057x158,1
1841,vsmith@example.org,001-235-848-7039,151
1842,vstrickland@example.org,601-821-4051x49907,32
1843,vweber@example.com,217-219-9087x98536,84
1844,vzimmerman@example.com,570.668.1573x206,75
1845,walkerandre@example.net,735.298.7496,29
1846,walkerdiana@example.org,817-281-7267x085,33
1847,walkeredward@example.net,888-560-2750,156
1848,walkerjames@example.net,5383868375,124
1849,walshandrew@example.com,001-728-611-5094x889,100
1850,walshmichael@example.net,+1-863-679-1234,80
1851,walter53@example.org,001-709-881-0372x44365,20
1852,walter96@example.org,799-888-7438,156
1853,waltermoon@example.com,591-305-7039,36
1854,waltersantos@example.org,9974593253,4
1855,waltersaunders@example.net,001-777-292-6838x769,6
1856,waltersutton@example.net,(956)882-1909x4411,75
1857,walvarez@example.com,556.723.5358,100
1858,wandafisher@example.net,612.300.5909x238,41
1859,wandasantos@example.net,001-986-892-5713x365,41
1860,wangdavid@example.org,407-658-3026x2339,23
1861,watsontyler@example.net,716.238.1203,217
1862,wattsmallory@example.net,748.324.8655x63025,62
1863,wbond@example.com,360-629-3218x569,17
1864,wbrown@example.net,335-418-6714x866,72
1865,wcastillo@example.net,213-701-0136,23
1866,wdixon@example.org,001-368-544-3586,25
1867,wdixon@example.org,+1-427-218-1477x16944,53
1868,webbmckenzie@example.com,(590)994-3208x2198,7
1869,welchtammy@example.net,001-720-282-9984x2626,67
1870,wendyburton@example.com,388.637.8782x93266,33
1871,wendyjennings@example.net,902.396.0191,22
1872,wendymosley@example.com,001-553-419-5448x935,18
1873,wgreen@example.com,602.347.6056x1262,35
1874,wgriffith@example.org,(278)637-9550,61
1875,wharper@example.net,422.239.2831x608,11
1876,wharris@example.com,001-441-303-5969x57316,156
1877,whiteana@example.net,+1-252-409-1402x58063,8
1878,whitebradley@example.net,+1-469-319-4470x310,1
1879,whiteerika@example.org,+1-939-203-6948,6
1880,whitejeffery@example.net,355.706.4184x41264,62
1881,whitekatelyn@example.com,+1-644-623-5144x9245,100
1882,whitematthew@example.net,574.783.7206,84
1883,whitneymccoy@example.com,586.300.6498x0431,151
1884,whitneythomas@example.com,835.235.2082x7470,32
1885,william05@example.org,809.779.7578,39
1886,william10@example.net,324-479-7404x060,1
1887,william11@example.com,+1-329-651-3345x0092,17
1888,william25@example.net,501.909.1656x4128,28
1889,william31@example.net,(445)786-3052,6
1890,william35@example.com,001-440-652-0920,53
1891,william75@example.org,258-955-5127x84085,7
1892,william75@example.org,584.220.5369x2840,67
1893,william77@example.net,625-426-8664x07248,217
1894,william96@example.com,560-374-7434,61
1895,williamellison@example.com,630-748-4384x9947,38
1896,williamglover@example.net,(237)202-9394x160,7
1897,williamgrant@example.org,236-861-5105,12
1898,williamjohnson@example.org,6248474738,67
1899,williamshoward@example.com,819.419.8858x3868,20
1900,williamsjustin@example.com,+1-969-902-6315x675,75
1901,williamskathryn@example.org,420.360.2934,18
1902,williamsmichael@example.com,001-920-883-9146,61
1903,williamsmichele@example.com,+1-716-685-3153,7
1904,williamsnicole@example.net,630-536-3347x15166,151
1905,williamstephens@example.org,706.462.6663x6184,1
1906,williamsteresa@example.net,9382687980,21
1907,williamstravis@example.net,+1-247-966-2018,22
1908,willisalexandra@example.net,001-396-892-3289x038,80
1909,wilsonaaron@example.net,(211)962-2375,12
1910,wilsongary@example.org,(576)766-0317,1
1911,wilsonjonathan@example.org,001-232-577-5569x34261,124
1912,wilsonspencer@example.com,8904552595,118
1913,wilsonthomas@example.org,(438)931-5784x99418,17
1914,wjones@example.org,001-989-857-4607x3410,12
1915,wkrueger@example.com,(825)749-4197,11
1916,wlambert@example.org,001-906-949-7567x30139,61
1917,wongmichael@example.net,(747)420-0101x746,124
1918,woodhailey@example.net,(466)662-1970x78504,11
1919,woodsvanessa@example.com,(640)484-9096x8170,75
1920,woodwesley@example.net,(970)646-2234,14
1921,wrightjohnathan@example.net,001-532-578-8478x7689,124
1922,wrogers@example.com,+1-869-254-2406x311,11
1923,wschneider@example.org,+1-684-398-2709x620,12
1924,wshaw@example.org,(719)625-3095,53
1925,wsimmons@example.net,392.926.0657,76
1926,wsmith@example.com,+1-355-345-3281x70317,15
1927,wsoto@example.net,001-485-473-0920x85395,42
1928,wuanthony@example.org,4359675238,3
1929,wyattcarrie@example.org,001-465-990-7593x29479,40
1930,wyattmonique@example.net,283.322.3141x7012,20
1931,wyattrachel@example.net,+1-450-781-4143x2846,80
1932,xcampbell@example.com,(785)483-7772x108,100
1933,xchapman@example.org,304.395.2137x138,76
1934,xcollins@example.net,001-966-413-2815x98872,6
1935,xcruz@example.com,780.201.9740x866,17
1936,xgarcia@example.net,001-278-777-6830x917,125
1938,xjimenez@example.com,243.635.9595x7834,28
1939,xkelly@example.net,487-876-7347,134
1940,xlee@example.net,829.234.1810x8011,33
1941,xlopez@example.org,359-841-6820x473,12
1942,xlutz@example.net,310-746-4901x4281,36
1943,xmarshall@example.net,(947)435-6236x2337,12
1944,xmathews@example.org,4543157465,125
1945,xmontoya@example.net,816.408.5502,53
1946,xrodriguez@example.org,(667)605-2544x2214,61
1947,xrosales@example.org,336.245.3939x574,72
1948,xschmidt@example.org,+1-380-354-1534x3029,4
1949,xsnow@example.net,+1-312-623-7391x826,42
1950,xwalker@example.net,(725)227-4385x32137,72
1951,yangerin@example.org,(257)374-6884x7700,19
1952,yberry@example.org,001-549-643-8206x41192,41
1953,ycampbell@example.org,+1-868-311-4022x0535,84
1954,ycarr@example.com,324-572-1669,36
1955,yeaton@example.com,3527789243,22
1956,ygriffin@example.com,499.502.4362x245,41
1957,yhess@example.org,(687)627-8001x33459,12
1958,yjackson@example.com,+1-766-700-8883,25
1959,yknight@example.org,(873)428-9502x3189,28
1960,ymccall@example.net,823-757-5082,2
1961,ynguyen@example.net,8303009619,100
1962,yodergary@example.net,450-370-4110,68
1963,yorkdonald@example.net,(254)517-4984x53129,6
1964,youngamanda@example.com,(966)345-9983,7
1965,youngamber@example.net,927-293-6177x57121,76
1966,youngchristine@example.org,911.688.3548x68363,100
1967,youngdaniel@example.com,619.395.0253x64785,134
1968,yparker@example.org,001-647-422-2418x28046,124
1969,yrussell@example.org,+1-446-249-6563x619,14
1970,ysantana@example.com,775.787.7391x009,10
1971,yujames@example.com,+1-523-715-7003x766,72
1972,yvega@example.org,9964313454,42
1973,ywoodward@example.org,460-742-8167x5642,6
1974,zachary47@example.org,(467)647-6860,14
1975,zachary67@example.org,001-290-243-3534x4443,17
1976,zacharyhubbard@example.net,959.478.0099x8292,100
1977,zacharystewart@example.net,+1-453-213-0643x063,217
1978,zamorasydney@example.com,403-277-5520,32
1979,zbaker@example.com,475-284-9927x860,76
1980,zburnett@example.org,001-562-889-8925,134
1981,zclark@example.org,288-598-4493,39
1982,zcooper@example.net,219-965-1057x1200,3
1983,zdavis@example.org,001-724-423-0704x443,12
1984,zhangsusan@example.net,697-377-0003x07146,32
1985,zhicks@example.net,899.821.0224,124
1986,zjohnson@example.com,906-960-1048x013,124
1987,zkaufman@example.org,+1-509-777-4492x916,15
1988,zlamb@example.com,+1-661-549-7624x589,18
1989,zlarson@example.net,(607)225-0704x847,28
1990,zlopez@example.net,671-915-3833x135,68
1991,zmendez@example.com,826.679.2971x3704,84
1992,zmunoz@example.com,+1-284-955-3285,8
1993,zriley@example.net,882.858.2697x112,124
1994,zrodriguez@example.org,(723)510-3734,20
1995,zross@example.com,+1-738-903-2424,20
1996,zsmith@example.com,874.271.2384,125
1997,zsmith@example.org,914-429-1928,151
1998,zstewart@example.net,(623)775-9895x08815,14
1999,zvillarreal@example.com,478-258-9495,100
2000,zwade@example.net,765.340.1335x54408,21